"Id","Name","Parent","File","Components"
"Acidifier","acid","","Resources\Prototypes\Entities\Effects\acidifier.yml","Transform,InteractionOutline,Physics,Sprite,Fixtures,TimedDespawn"
"ActionAnomalyPulse","Anomaly pulse","BaseAction","Resources\Prototypes\Actions\anomaly.yml","Action,InstantAction"
"AdMechComputerModular","С‚РµСЂРјРёРЅР°Р»","[BaseComputer, BaseMachinePowered]","Resources\Prototypes\_WH40K\Entities\Structures\Machines\Computers\ComputerModular.yml","Sprite,SpriteFade,AmbientSound,PointLight,Transform,LitOnPowered,ApcPowerReceiver,ExtensionCableReceiver,Physics,ActivatableUIRequiresPower,Computer,PowerMonitoringConsole,PowerMonitoringCableNetworks,NodeContainer,ActivatableUI,UserInterface,MaterialStorage,Fixtures,Repairable,WiresPanel,Destructible,Appearance,GenericVisualizer,WiresVisuals"
"AdminInstantEffectBase","instant effect","","Resources\Prototypes\Entities\Effects\admin_triggers.yml","Sprite,TriggerOnSpawn,TimedDespawn"
"AdminInstantEffectBluespace","","AdminInstantEffectBase","Resources\Prototypes\Entities\Effects\admin_triggers.yml","SpawnOnTrigger"
"AdminInstantEffectEMP","","AdminInstantEffectBase","Resources\Prototypes\Entities\Effects\admin_triggers.yml","EmpOnTrigger"
"AdminInstantEffectFlash","","AdminInstantEffectBase","Resources\Prototypes\Entities\Effects\admin_triggers.yml","FlashOnTrigger,SpawnOnTrigger"
"AdminInstantEffectGravityWell","","AdminInstantEffectBase","Resources\Prototypes\Entities\Effects\admin_triggers.yml","EmitSoundOnTrigger,AmbientSound,GravityWell,SingularityDistortion"
"AdminInstantEffectSmoke10","","AdminInstantEffectBase","Resources\Prototypes\Entities\Effects\admin_triggers.yml","SmokeOnTrigger,EmitSoundOnTrigger,TimerTriggerVisuals"
"AdminInstantEffectSmoke3","","AdminInstantEffectBase","Resources\Prototypes\Entities\Effects\admin_triggers.yml","SmokeOnTrigger,EmitSoundOnTrigger,TimerTriggerVisuals"
"AdminInstantEffectSmoke30","","AdminInstantEffectBase","Resources\Prototypes\Entities\Effects\admin_triggers.yml","SmokeOnTrigger,EmitSoundOnTrigger,TimerTriggerVisuals"
"AdminInstantEffectTearGas","","AdminInstantEffectBase","Resources\Prototypes\Entities\Effects\admin_triggers.yml","SmokeOnTrigger"
"AdminObserver","admin observer","[MobObserverBase, InventoryBase]","Resources\Prototypes\Entities\Mobs\Player\admin_ghost.yml","ContentEye,Tag,Input,Ghost,GhostHearing,Hands,ComplexInteraction,Puller,CombatMode,Physics,Access,UserInterface,IntrinsicUI,SolarControlConsole,CommunicationsConsole,RadarConsole,CargoOrderConsole,CrewMonitoringConsole,GeneralStationRecordConsole,DeviceNetwork,WirelessNetworkConnection,StationLimitedNetwork,Thieving,Stripping,SolutionScanner,IgnoreUIRange,ShowAntagIcons,ShowContrabandDetails,Inventory,Loadout,BypassInteractionChecks,ExplosionResistance"
"AirGrenade","air grenade","[ BaseEngineeringContraband, VolatileGrenadeBase, TimerGrenadeBase ] # Prevent inheriting DeleteOnTrigger from SmokeGrenade","Resources\Prototypes\Entities\Objects\Weapons\Throwable\canister_grenades.yml","Sprite,EmitSoundOnTrigger,TimerTriggerVisuals,TimerTrigger,ReleaseGasOnTrigger,StaticPrice,GenericVisualizer"
"AlwaysPoweredStrobeLight","strobe","","Resources\Prototypes\Entities\Structures\Lighting\strobe_lighting.yml","AmbientSound,MeleeSound,Transform,Clickable,InteractionOutline,Construction,Sprite,PointLight,RotatingLight,Physics,Fixtures,Damageable,Destructible"
"AmbientSoundSourceFlies","","","Resources\Prototypes\Entities\Effects\ambient_sounds.yml","AmbientSound,Tag"
"AmeController","AME controller","","Resources\Prototypes\Entities\Structures\Power\Generation\ame.yml","Clickable,InteractionOutline,Sprite,Physics,Fixtures,Damageable,Destructible,Transform,Anchorable,Pullable,AmeController,Explosive,ActivatableUI,UserInterface,Appearance,GenericVisualizer,NodeContainer,PowerMonitoringDevice,PowerSupplier,ItemSlots,ContainerContainer,GuideHelp,Electrified"
"AnomalousParticleDelta","delta particles","BaseBullet","Resources\Prototypes\Entities\Objects\Weapons\Guns\Projectiles\projectiles.yml","PointLight,AnomalousParticle,Sprite,Ammo,Physics,Fixtures,Projectile,TimedDespawn,Reflective"
"AnomalyBluespace","","BaseAnomaly","Resources\Prototypes\Entities\Structures\Specific\Anomaly\anomalies.yml","Sprite,PointLight,BluespaceAnomaly,Portal,Fixtures,Anomaly"
"AnomalyCoreBluespace","","BaseAnomalyCore","Resources\Prototypes\Entities\Structures\Specific\Anomaly\cores.yml","Sprite,PointLight"
"AnomalyCoreBluespaceInert","","BaseAnomalyInertCore","Resources\Prototypes\Entities\Structures\Specific\Anomaly\cores.yml","Sprite,PointLight"
"AnomalyCoreElectricity","","BaseAnomalyCore","Resources\Prototypes\Entities\Structures\Specific\Anomaly\cores.yml","Sprite,PointLight,Electrified"
"AnomalyCoreElectricityInert","","BaseAnomalyInertCore","Resources\Prototypes\Entities\Structures\Specific\Anomaly\cores.yml","Sprite,PointLight"
"AnomalyCoreFlesh","","BaseAnomalyCore","Resources\Prototypes\Entities\Structures\Specific\Anomaly\cores.yml","Sprite,PointLight"
"AnomalyCoreFleshInert # Can be microwaved to turn it into a massive piece of meat","","BaseAnomalyInertCore","Resources\Prototypes\Entities\Structures\Specific\Anomaly\cores.yml","Sprite,PointLight"
"AnomalyCoreFlora","","BaseAnomalyCore","Resources\Prototypes\Entities\Structures\Specific\Anomaly\cores.yml","Seed,Sprite,PointLight"
"AnomalyCoreFloraInert #Turns into a seed that grows into artifexium","","BaseAnomalyInertCore","Resources\Prototypes\Entities\Structures\Specific\Anomaly\cores.yml","Seed,Sprite,PointLight"
"AnomalyCoreGravity","","BaseAnomalyCore","Resources\Prototypes\Entities\Structures\Specific\Anomaly\cores.yml","Sprite,PointLight"
"AnomalyCoreGravityInert","","BaseAnomalyInertCore","Resources\Prototypes\Entities\Structures\Specific\Anomaly\cores.yml","Sprite,PointLight"
"AnomalyCoreIce","","BaseAnomalyCore","Resources\Prototypes\Entities\Structures\Specific\Anomaly\cores.yml","Sprite,PointLight"
"AnomalyCoreIceInert","","BaseAnomalyInertCore","Resources\Prototypes\Entities\Structures\Specific\Anomaly\cores.yml","Sprite,PointLight"
"AnomalyCoreLiquid","","BaseAnomalyCore","Resources\Prototypes\Entities\Structures\Specific\Anomaly\cores.yml","Sprite,PointLight"
"AnomalyCoreLiquidInert","","BaseAnomalyInertCore","Resources\Prototypes\Entities\Structures\Specific\Anomaly\cores.yml","Sprite,PointLight"
"AnomalyCorePyroclastic","","BaseAnomalyCore","Resources\Prototypes\Entities\Structures\Specific\Anomaly\cores.yml","Sprite,PointLight,IgnitionSource"
"AnomalyCorePyroclasticInert","","BaseAnomalyInertCore","Resources\Prototypes\Entities\Structures\Specific\Anomaly\cores.yml","Sprite,PointLight"
"AnomalyCoreRock","","BaseAnomalyCore","Resources\Prototypes\Entities\Structures\Specific\Anomaly\cores.yml","Sprite,PointLight"
"AnomalyCoreRockInert","","BaseAnomalyInertCore","Resources\Prototypes\Entities\Structures\Specific\Anomaly\cores.yml","Sprite,PointLight"
"AnomalyCoreSanta","","BaseAnomalyCore","Resources\Prototypes\Entities\Structures\Specific\Anomaly\cores.yml","Sprite,PointLight"
"AnomalyCoreSantaInert","","BaseAnomalyInertCore","Resources\Prototypes\Entities\Structures\Specific\Anomaly\cores.yml","Sprite,PointLight"
"AnomalyCoreShadow","","[ BaseAnomalyCore, BaseShadow ]","Resources\Prototypes\Entities\Structures\Specific\Anomaly\cores.yml","Sprite,PointLight"
"AnomalyCoreShadowInert","","[ BaseAnomalyInertCore, BaseShadow ]","Resources\Prototypes\Entities\Structures\Specific\Anomaly\cores.yml","Sprite,PointLight"
"AnomalyCoreTech","","BaseAnomalyCore","Resources\Prototypes\Entities\Structures\Specific\Anomaly\cores.yml","Sprite,PointLight"
"AnomalyCoreTechInert","","BaseAnomalyInertCore","Resources\Prototypes\Entities\Structures\Specific\Anomaly\cores.yml","Sprite,PointLight"
"AnomalyElectricity","","BaseAnomaly","Resources\Prototypes\Entities\Structures\Specific\Anomaly\anomalies.yml","Anomaly,Sprite,PointLight,ElectricityAnomaly,Electrified"
"AnomalyFlesh","","BaseAnomaly","Resources\Prototypes\Entities\Structures\Specific\Anomaly\anomalies.yml","Anomaly,Sprite,PointLight,TileSpawnAnomaly,EntitySpawnAnomaly"
"AnomalyFlora","","BaseAnomaly","Resources\Prototypes\Entities\Structures\Specific\Anomaly\anomalies.yml","Sprite,PointLight,Anomaly,TileSpawnAnomaly,EntitySpawnAnomaly"
"AnomalyFloraBulb","strange glowing berry","BaseStructure","Resources\Prototypes\Entities\Structures\Specific\Anomaly\anomalies.yml","Transform,Physics,Fixtures,InteractionOutline,Damageable,Destructible,PointLight,Sprite"
"AnomalyGravity","","BaseAnomaly","Resources\Prototypes\Entities\Structures\Specific\Anomaly\anomalies.yml","Anomaly,Sprite,PointLight,GravityAnomaly,GravityWell,RadiationSource,Physics,CanMoveInAir,RandomWalk,SingularityDistortion"
"AnomalyIce","","BaseAnomaly","Resources\Prototypes\Entities\Structures\Specific\Anomaly\anomalies.yml","Sprite,PointLight,Anomaly,ExplosionAnomaly,ProjectileAnomaly,EntitySpawnAnomaly,TempAffectingAnomaly,GasProducerAnomaly,DamageOnInteract,DamageOnAttacked"
"AnomalyInjectionBase","","","Resources\Prototypes\Entities\Structures\Specific\Anomaly\anomaly_injections.yml","PointLight,ActionGrant"
"AnomalyInjectionBluespace","","AnomalyInjectionBase","Resources\Prototypes\Entities\Structures\Specific\Anomaly\anomaly_injections.yml","PointLight,BluespaceAnomaly"
"AnomalyInjectionElectric","","AnomalyInjectionBase","Resources\Prototypes\Entities\Structures\Specific\Anomaly\anomaly_injections.yml","PointLight,ElectricityAnomaly"
"AnomalyInjectionFlesh","","AnomalyInjectionBase","Resources\Prototypes\Entities\Structures\Specific\Anomaly\anomaly_injections.yml","PointLight,TileSpawnAnomaly,EntitySpawnAnomaly"
"AnomalyInjectionFlora","","AnomalyInjectionBase","Resources\Prototypes\Entities\Structures\Specific\Anomaly\anomaly_injections.yml","PointLight,TileSpawnAnomaly,EntitySpawnAnomaly"
"AnomalyInjectionGravity","","AnomalyInjectionBase","Resources\Prototypes\Entities\Structures\Specific\Anomaly\anomaly_injections.yml","PointLight,GravityAnomaly,GravityWell,SingularityDistortion"
"AnomalyInjectionIce","","AnomalyInjectionBase","Resources\Prototypes\Entities\Structures\Specific\Anomaly\anomaly_injections.yml","PointLight,ExplosionAnomaly,ProjectileAnomaly,EntitySpawnAnomaly,TempAffectingAnomaly,GasProducerAnomaly"
"AnomalyInjectionPyroclastic","","AnomalyInjectionBase","Resources\Prototypes\Entities\Structures\Specific\Anomaly\anomaly_injections.yml","PointLight,PyroclasticAnomaly,TempAffectingAnomaly,GasProducerAnomaly,ProjectileAnomaly"
"AnomalyInjectionRock","","AnomalyInjectionBase","Resources\Prototypes\Entities\Structures\Specific\Anomaly\anomaly_injections.yml","PointLight,TileSpawnAnomaly,EntitySpawnAnomaly"
"AnomalyInjectionSanta","","AnomalyInjectionBase","Resources\Prototypes\Entities\Structures\Specific\Anomaly\anomaly_injections.yml","PointLight,EntitySpawnAnomaly"
"AnomalyInjectionShadow","","AnomalyInjectionBase","Resources\Prototypes\Entities\Structures\Specific\Anomaly\anomaly_injections.yml","PointLight,EntitySpawnAnomaly"
"AnomalyInjectionTech","","AnomalyInjectionBase","Resources\Prototypes\Entities\Structures\Specific\Anomaly\anomaly_injections.yml","PointLight,TechAnomaly,DeviceLinkSource,WirelessNetworkConnection,DeviceNetwork"
"AnomalyLiquid","","BaseAnomaly","Resources\Prototypes\Entities\Structures\Specific\Anomaly\anomalies.yml","Sprite,RandomSprite,PointLight,BadFood,Anomaly,EntitySpawnAnomaly,SolutionContainerManager,PuddleCreateAnomaly,InjectionAnomaly,ReagentProducerAnomaly,Edible,DrainableSolution,DrawableSolution,ExaminableSolution,RefillableSolution,InjectableSolution"
"AnomalyLocator","","[ AnomalyLocatorUnpowered, PowerCellSlotSmallItem ]","Resources\Prototypes\Entities\Objects\Specific\Research\anomaly.yml","PowerCellDraw,ToggleCellDraw"
"AnomalyLocatorEmpty","power-cell-slot-component-slot-name-default","AnomalyLocator","Resources\Prototypes\Entities\Objects\Specific\Research\anomaly.yml","ItemSlots"
"AnomalyLocatorUnpowered","anomaly locator","BaseItem","Resources\Prototypes\Entities\Objects\Specific\Research\anomaly.yml","Sprite,Appearance,GenericVisualizer,ItemToggle,ProximityBeeper,ProximityDetector,Anomaly,Beeper"
"AnomalyLocatorWide","","[ AnomalyLocatorWideUnpowered, PowerCellSlotSmallItem ]","Resources\Prototypes\Entities\Objects\Specific\Research\anomaly.yml","PowerCellDraw,ToggleCellDraw"
"AnomalyLocatorWideEmpty","power-cell-slot-component-slot-name-default","AnomalyLocatorWide","Resources\Prototypes\Entities\Objects\Specific\Research\anomaly.yml","ItemSlots"
"AnomalyLocatorWideUnpowered","wide-spectrum anomaly locator","AnomalyLocatorUnpowered","Resources\Prototypes\Entities\Objects\Specific\Research\anomaly.yml","Sprite,Beeper,ProximityDetector"
"AnomalyPyroclastic","","BaseAnomaly","Resources\Prototypes\Entities\Structures\Specific\Anomaly\anomalies.yml","AmbientSound,Anomaly,Sprite,PointLight,PyroclasticAnomaly,TempAffectingAnomaly,GasProducerAnomaly,ProjectileAnomaly,IgnitionSource,IgniteOnCollide,DamageOnInteract,DamageOnAttacked"
"AnomalyRockBananium","","AnomalyRockBase","Resources\Prototypes\Entities\Structures\Specific\Anomaly\anomalies.yml","Sprite,PointLight,EntitySpawnAnomaly"
"AnomalyRockBase","","BaseAnomaly","Resources\Prototypes\Entities\Structures\Specific\Anomaly\anomalies.yml","Anomaly,Sprite,PointLight,TileSpawnAnomaly"
"AnomalyRockCoal","","AnomalyRockBase","Resources\Prototypes\Entities\Structures\Specific\Anomaly\anomalies.yml","Sprite,PointLight,EntitySpawnAnomaly"
"AnomalyRockGold","","AnomalyRockBase","Resources\Prototypes\Entities\Structures\Specific\Anomaly\anomalies.yml","Sprite,PointLight,EntitySpawnAnomaly"
"AnomalyRockIron","","AnomalyRockBase","Resources\Prototypes\Entities\Structures\Specific\Anomaly\anomalies.yml","Sprite,PointLight,EntitySpawnAnomaly"
"AnomalyRockQuartz","","AnomalyRockBase","Resources\Prototypes\Entities\Structures\Specific\Anomaly\anomalies.yml","Sprite,PointLight,EntitySpawnAnomaly"
"AnomalyRockSilver","","AnomalyRockBase","Resources\Prototypes\Entities\Structures\Specific\Anomaly\anomalies.yml","Sprite,PointLight,EntitySpawnAnomaly"
"AnomalyRockUranium","","AnomalyRockBase","Resources\Prototypes\Entities\Structures\Specific\Anomaly\anomalies.yml","Sprite,PointLight,EntitySpawnAnomaly"
"AnomalySanta","","BaseAnomaly","Resources\Prototypes\Entities\Structures\Specific\Anomaly\anomalies.yml","Sprite,PointLight,Anomaly,EntitySpawnAnomaly,ProjectileAnomaly"
"AnomalyScanner","anomaly scanner","BaseItem","Resources\Prototypes\Entities\Objects\Specific\Research\anomaly.yml","Sprite,ActivatableUI,UserInterface,Appearance,GenericVisualizer,AnomalyScanner,AnomalyScannerScreen,GuideHelp,Item"
"AnomalyScannerAdmin","admin anomaly scanner","AnomalyScanner","Resources\Prototypes\Entities\Objects\Specific\Research\anomaly.yml","AnomalyScanner,Sprite"
"AnomalyShadow","","BaseAnomaly","Resources\Prototypes\Entities\Structures\Specific\Anomaly\anomalies.yml","Sprite,PointLight,AmbientSound,Anomaly,EntitySpawnAnomaly,Portal,Tag,DamageOnInteract,DamageOnAttacked"
"AnomalyTech","","BaseAnomaly","Resources\Prototypes\Entities\Structures\Specific\Anomaly\anomalies.yml","Sprite,PointLight,Anomaly,TechAnomaly,DeviceLinkSource"
"AnomalyTechBeam","","","Resources\Prototypes\Entities\Structures\Specific\Anomaly\anomalies.yml","Sprite,Physics,PointLight,Beam,TimedDespawn,Tag"
"AnomalyTrapBluespace","","BaseAnomalyInjector","Resources\Prototypes\Entities\Structures\Specific\Anomaly\anomaly_injectors.yml","Sprite,InnerBodyAnomalyInjector,Anomaly,InnerBodyAnomaly"
"AnomalyTrapElectricity","","BaseAnomalyInjector","Resources\Prototypes\Entities\Structures\Specific\Anomaly\anomaly_injectors.yml","Sprite,InnerBodyAnomalyInjector,Anomaly,InnerBodyAnomaly"
"AnomalyTrapFlesh","","BaseAnomalyInjector","Resources\Prototypes\Entities\Structures\Specific\Anomaly\anomaly_injectors.yml","Sprite,InnerBodyAnomalyInjector,Anomaly,InnerBodyAnomaly"
"AnomalyTrapFlora","","BaseAnomalyInjector","Resources\Prototypes\Entities\Structures\Specific\Anomaly\anomaly_injectors.yml","Sprite,InnerBodyAnomalyInjector,Anomaly,InnerBodyAnomaly"
"AnomalyTrapGravity","","BaseAnomalyInjector","Resources\Prototypes\Entities\Structures\Specific\Anomaly\anomaly_injectors.yml","Sprite,InnerBodyAnomalyInjector,Anomaly,InnerBodyAnomaly"
"AnomalyTrapIce","","BaseAnomalyInjector","Resources\Prototypes\Entities\Structures\Specific\Anomaly\anomaly_injectors.yml","Sprite,InnerBodyAnomalyInjector,Anomaly,InnerBodyAnomaly"
"AnomalyTrapPyroclastic","","BaseAnomalyInjector","Resources\Prototypes\Entities\Structures\Specific\Anomaly\anomaly_injectors.yml","Sprite,InnerBodyAnomalyInjector,Anomaly,InnerBodyAnomaly"
"AnomalyTrapRock","","BaseAnomalyInjector","Resources\Prototypes\Entities\Structures\Specific\Anomaly\anomaly_injectors.yml","Sprite,InnerBodyAnomalyInjector,Anomaly,InnerBodyAnomaly"
"AnomalyTrapSanta","","BaseAnomalyInjector","Resources\Prototypes\Entities\Structures\Specific\Anomaly\anomaly_injectors.yml","Sprite,InnerBodyAnomalyInjector,Anomaly,InnerBodyAnomaly"
"AnomalyTrapShadow","","BaseAnomalyInjector","Resources\Prototypes\Entities\Structures\Specific\Anomaly\anomaly_injectors.yml","Sprite,InnerBodyAnomalyInjector,Anomaly,InnerBodyAnomaly"
"AnomalyTrapTech","","BaseAnomalyInjector","Resources\Prototypes\Entities\Structures\Specific\Anomaly\anomaly_injectors.yml","Sprite,InnerBodyAnomalyInjector,Anomaly,InnerBodyAnomaly"
"AntiParticlesProjectile","anti particles","ParticlesProjectile","Resources\Prototypes\Entities\Structures\Power\Generation\PA\particles.yml","Sprite,Reflective,Projectile,TimedDespawn,SinguloFood"
"BananiumHorn","bananium horn","BikeHorn","Resources\Prototypes\Entities\Objects\Fun\sound_maker.yml","Sprite,Item,Clothing,UseDelay,EmitSoundOnUse,EmitSoundOnLand,EmitSoundOnTrigger,EmitSoundOnActivate,EmitSoundOnCollide,MeleeWeapon,Construction,Tool"
"BaseAnomaly","anomaly","","Resources\Prototypes\Entities\Structures\Specific\Anomaly\anomalies.yml","Anomaly,AmbientSound,Transform,Physics,Fixtures,Sprite,InteractionOutline,Clickable,Damageable,Appearance,AnimationPlayer,GuideHelp,EmitSoundOnSpawn,SecretDataAnomaly,DamageOnInteract,DamageOnAttacked"
"BaseAnomalyCore","anomaly core","BaseItem","Resources\Prototypes\Entities\Structures\Specific\Anomaly\cores.yml","Sprite,Appearance,GenericVisualizer,Item,EmitSoundOnUse,UseDelay,Tag,AnomalyCore"
"BaseAnomalyInertCore","","BaseAnomalyCore","Resources\Prototypes\Entities\Structures\Specific\Anomaly\cores.yml","Sprite,AnomalyCore"
"BaseAnomalyInjector","anomaly injector","MarkerBase","Resources\Prototypes\Entities\Structures\Specific\Anomaly\anomaly_injectors.yml","Physics,AmbientSound,Fixtures,InnerBodyAnomalyInjector"
"BaseAPC","APC","BaseWallmount","Resources\Prototypes\Entities\Structures\Power\apc.yml","StationAiWhitelist,AmbientOnPowered,AmbientSound,PointLight,AccessReader,Sprite,Appearance,ApcVisuals,Battery,ExaminableBattery,NodeContainer,PowerMonitoringDevice,BatteryCharger,PowerProvider,Apc,ExtensionCableProvider,UserInterface,ActivatableUI,Construction,PowerNetworkBattery,WallMount,WiresPanel,Wires,WiresVisuals,Damageable,Destructible,StationInfiniteBatteryTarget,Electrified,LightningTarget,StaticPrice,GuideHelp"
"BaseBonfire","","BaseStructure","Resources\Prototypes\Entities\Structures\Decoration\bonfire.yml","Fixtures,Sprite,PointLight,Damageable,Destructible,AmbientSound,AlwaysHot,IgnitionSource,RequireProjectileTarget"
"BaseBorgTransponder","","","Resources\Prototypes\Entities\Mobs\Cyborgs\base_borg_chassis.yml","BorgTransponder,DeviceNetwork,TimerTrigger,ExplodeOnTrigger,Explosive"
"BaseBullet","BaseBullet","","Resources\Prototypes\Entities\Objects\Weapons\Guns\Projectiles\projectiles.yml","Reflective,FlyBySound,Clickable,Sprite,Physics,TileFrictionModifier,Fixtures,Projectile,TimedDespawn"
"BaseEffectGoliathTentacleSpawn","tentacle","","Resources\Prototypes\Entities\Mobs\NPCs\asteroid.yml","Transform,Physics,Sprite,InteractionOutline,TimedDespawn"
"BaseEnergyBall","","","Resources\Prototypes\Entities\Structures\Power\Generation\Tesla\energyball.yml","Clickable,Physics,CanMoveInAir,ChasingWalk,LightningTarget,AmbientSound,PointLight,Appearance,LightningArcShooter"
"BaseFigurine","figurine","BaseItem","Resources\Prototypes\Entities\Objects\Fun\Figurines\figurines.yml","Sprite,PhysicalComposition,StaticPrice,Tag,UseDelay,UseDelayOnTrigger,UseDelayTriggerCondition,TriggerOnActivate,TriggerOnSignal,Speech,DeviceNetwork,WirelessNetworkConnection,DeviceLinkSink"
"BaseGenerator","generator","BaseMachine","Resources\Prototypes\Entities\Structures\Power\Generation\generators.yml","AmbientSound,Fixtures,Sprite,NodeContainer,PowerMonitoringDevice,PowerSupplier,Anchorable,Damageable,PacifismDangerousAttack,Destructible,Explosive,StaticPrice,Electrified,GuideHelp"
"BaseGeneratorWallmount","wallmount generator","[ BaseGenerator, BaseWallmount ]","Resources\Prototypes\Entities\Structures\Power\Generation\generators.yml","AmbientOnPowered,AmbientSound,PointLight,Sprite,NodeContainer,PowerMonitoringDevice,PowerSupplier,GuideHelp"
"BaseHardBomb","hardbomb","BaseStructureDynamic","Resources\Prototypes\Entities\Structures\Machines\bombs.yml","Appearance,WiresVisuals,InteractionOutline,UserInterface,Wires,Defusable,Rotatable,Explosive,ExplodeOnTrigger,TimerTrigger,Anchorable,Fixtures,WiresPanel,GuideHelp"
"BaseLightning","lightning","","Resources\Prototypes\Entities\Effects\lightning.yml","Sprite,Physics,Electrified,Lightning,PointLight,Beam,TimedDespawn,Tag"
"BaseMeteor","meteor","","Resources\Prototypes\Entities\Objects\Weapons\Guns\Projectiles\meteors.yml","Sprite,Projectile,Meteor,TimedDespawn,Clickable,Physics,Fixtures,Damageable,Explosive,TileFrictionModifier"
"BasePlushie","","[BaseItem, BaseStash]","Resources\Prototypes\Entities\Objects\Fun\Plushies\plushies.yml","EmitSoundOnUse,EmitSoundOnActivate,EmitSoundOnCollide,EmitSoundOnLand,EmitSoundOnTrigger,UseDelay,MeleeWeapon,PhysicalComposition,StaticPrice,Edible,SolutionContainerManager,Tag"
"BasePowerCell","","BaseItem","Resources\Prototypes\Entities\Objects\Power\powercells.yml","Item,Battery,PowerCell,Explosive,Sprite,SolutionContainerManager,InjectableSolution,DrawableSolution,Extractable,Tag,Riggable,Appearance,BatteryVisuals,GenericVisualizer"
"BaseRockGibtonite","","","Resources\Prototypes\Entities\Structures\Walls\asteroid.yml","Appearance,GenericVisualizer,TimerTrigger,RandomTimerTrigger,ExplodeOnTrigger,Explosive,Destructible"
"BaseSMES","SMES","[ BaseMachine, ConstructibleMachine ]","Resources\Prototypes\Entities\Structures\Power\smes.yml","AmbientSound,Sprite,Smes,Appearance,Battery,ExaminableBattery,NodeContainer,PowerMonitoringDevice,BatteryDischarger,BatteryCharger,PowerNetworkBattery,PointLight,WiresPanel,WiresVisuals,Machine,StationInfiniteBatteryTarget,Electrified,Damageable,BatterySensor,DeviceNetwork,WiredNetworkConnection,GuideHelp,BatteryInterface,UserInterface,ActivatableUI"
"BaseSubstation","substation","[ CoreSubstation, BaseMachine, ConstructibleMachine ]","Resources\Prototypes\Entities\Structures\Power\substation.yml","Sprite,Battery,PointLight,PowerMonitoringDevice,Destructible,Explosive,WiresPanel,Machine,AmbientSound,Electrified"
"BaseSubstationWall","wallmount substation","CoreSubstation","Resources\Prototypes\Entities\Structures\Power\substation.yml","AmbientSound,PointLight,Clickable,ContainerFill,ContainerContainer,InteractionOutline,Physics,Fixtures,Transform,Sprite,Battery,PowerMonitoringDevice,Destructible,Construction,Explosive,WallMount"
"BaseThruster","thruster","BaseStructureDynamic","Resources\Prototypes\Entities\Structures\Shuttles\thrusters.yml","Fixtures,AmbientSound,Transform,Physics,Rotatable,Thruster,InteractionOutline,Sprite,Appearance,ApcPowerReceiver,ExtensionCableReceiver,Damageable,Destructible,StaticPrice,GuideHelp"
"BaseXenoborgTransponder","","BaseBorgTransponder","Resources\Prototypes\Entities\Mobs\Cyborgs\base_borg_chassis.yml","DeviceNetwork,SurveillanceCamera,Explosive"
"BasiliskRay","basilisk ray","BaseBullet","Resources\Prototypes\Entities\Objects\Weapons\Guns\Projectiles\projectiles.yml","FlyBySound,Sprite,Ammo,Physics,Fixtures,Projectile,TimedDespawn,ChangeTemperatureOnCollide"
"BikeHorn","bike horn","BaseItem","Resources\Prototypes\Entities\Objects\Fun\sound_maker.yml","Sprite,Item,Clothing,UseDelay,EmitSoundOnUse,EmitSoundOnLand,EmitSoundOnTrigger,EmitSoundOnActivate,EmitSoundOnCollide,Tag,MeleeWeapon,Tool"
"BikeHornImplant","bike horn implant","BaseSubdermalImplant","Resources\Prototypes\Entities\Objects\Misc\subdermal_implants.yml","SubdermalImplant,TriggerOnActivateImplant,EmitSoundOnTrigger,Tag"
"BiomassReclaimer","biomass reclaimer","[ BaseMachinePowered, ConstructibleMachine ]","Resources\Prototypes\Entities\Structures\Machines\Medical\biomass_reclaimer.yml","Sprite,BiomassReclaimer,Climbable,AmbientSound,Machine,GuideHelp"
"BoltTempgunCold","freezing bolt","WatcherBolt","Resources\Prototypes\Entities\Objects\Weapons\Guns\Projectiles\projectiles.yml","Reflective,Projectile,TimedDespawn,ChangeTemperatureOnCollide"
"BulletBolter","","BaseBulletTrigger","Resources\Prototypes\_WH40K\Entities\Objects\Weapons\Guns\Projectiles\projectiles.yml","Projectile,ExplodeOnTrigger,Explosive"
"BulletCannonBall","cannonball","BaseBulletTrigger","Resources\Prototypes\Entities\Objects\Weapons\Guns\Projectiles\projectiles.yml","Sprite,ExplodeOnTrigger,Explosive,PointLight"
"BulletCharge","charge bolt","BaseBullet","Resources\Prototypes\Entities\Objects\Weapons\Guns\Projectiles\projectiles.yml","Reflective,Sprite,GatheringProjectile,DamageMarkerOnCollide,Projectile,TimedDespawn"
"BulletGrenadeBlast","blast grenade","BaseBulletTrigger","Resources\Prototypes\Entities\Objects\Weapons\Guns\Projectiles\projectiles.yml","Sprite,ExplodeOnTrigger,Explosive"
"BulletGrenadeCleanade","cleanade grenade round","BaseBulletTrigger","Resources\Prototypes\Entities\Objects\Weapons\Guns\Projectiles\projectiles.yml","Sprite,SmokeOnTrigger,EmitSoundOnTrigger,ExplodeOnTrigger,Explosive"
"BulletGrenadeEMP","EMP rocket","BaseBulletTrigger","Resources\Prototypes\Entities\Objects\Weapons\Guns\Projectiles\projectiles.yml","Sprite,EmpOnTrigger,Ammo,PointLight"
"BulletGrenadeFlash","flash grenade","BaseBulletTrigger","Resources\Prototypes\Entities\Objects\Weapons\Guns\Projectiles\projectiles.yml","Sprite,FlashOnTrigger,SpawnOnTrigger,DeleteOnTrigger"
"BulletGrenadeFrag","frag grenade","BaseBulletTrigger","Resources\Prototypes\Entities\Objects\Weapons\Guns\Projectiles\projectiles.yml","Sprite,ExplodeOnTrigger,Explosive,ContainerContainer,ProjectileGrenade"
"BulletImpactEffect","","","Resources\Prototypes\Entities\Objects\Weapons\Guns\Projectiles\impacts.yml","TimedDespawn,Sprite,EffectVisuals,Tag"
"BulletImpactEffectDisabler","","","Resources\Prototypes\Entities\Objects\Weapons\Guns\Projectiles\impacts.yml","TimedDespawn,Sprite,EffectVisuals,Tag"
"BulletImpactEffectKinetic","","","Resources\Prototypes\Entities\Objects\Weapons\Guns\Projectiles\impacts.yml","TimedDespawn,Sprite,EffectVisuals,Tag"
"BulletImpactEffectOrangeDisabler","","","Resources\Prototypes\Entities\Objects\Weapons\Guns\Projectiles\impacts.yml","TimedDespawn,Sprite,EffectVisuals,Tag"
"BulletKinetic","kinetic bolt","BaseBullet","Resources\Prototypes\Entities\Objects\Weapons\Guns\Projectiles\projectiles.yml","Reflective,Sprite,Projectile,TimedDespawn,GatheringProjectile"
"BulletKineticShuttle","","BaseBullet","Resources\Prototypes\Entities\Objects\Weapons\Guns\Projectiles\projectiles.yml","Sprite,Projectile,Ammo,TimedDespawn,PointLight,GatheringProjectile"
"BulletRocket","rocket","BaseBulletTrigger","Resources\Prototypes\Entities\Objects\Weapons\Guns\Projectiles\projectiles.yml","Sprite,ExplodeOnTrigger,Explosive,PointLight"
"BulletSentine","","BaseBulletTrigger","Resources\Prototypes\_WH40K\Entities\Objects\Weapons\Guns\Projectiles\projectiles.yml","Sprite,Projectile,ExplodeOnTrigger,Explosive"
"BulletTaser","taser bolt","BaseBullet","Resources\Prototypes\Entities\Objects\Weapons\Guns\Projectiles\projectiles.yml","FlyBySound,Sprite,Physics,Fixtures,Ammo,Projectile,TimedDespawn,StunOnCollide"
"BulletTaserSuper","taser bolt","BulletTaser","Resources\Prototypes\Entities\Objects\Weapons\Guns\Projectiles\projectiles.yml","Sprite,PointLight,TimedDespawn,StunOnCollide"
"BulletWaterShot","water","","Resources\Prototypes\Entities\Objects\Weapons\Guns\Projectiles\projectiles.yml","Clickable,Physics,TileFrictionModifier,TimedDespawn,Projectile,Sprite,Ammo,SolutionContainerManager,Fixtures,Vapor,Appearance,VaporVisuals"
"BulletWeakRocket","weak rocket","BaseBulletTrigger","Resources\Prototypes\Entities\Objects\Weapons\Guns\Projectiles\projectiles.yml","Sprite,ExplodeOnTrigger,Explosive,PointLight"
"C4","composition C-4","[BasePlasticExplosive, BaseSyndicateContraband]","Resources\Prototypes\Entities\Objects\Weapons\Bombs\plastic.yml","Sprite,Clothing,TriggerOnActivate,TriggerOnSignal,TriggerOnStuck,ToggleTriggerCondition,TimerTrigger,DeviceLinkSink,Explosive,ExplodeOnTrigger,HolidayVisuals,HolidayRsiSwap,StaticPrice"
"CableDet","explosive cord","[ CablePhysBase, BaseSecurityContraband ]","Resources\Prototypes\Entities\Structures\Power\cables.yml","Cable,Sprite,Icon,Damageable,Destructible,CableVis,NodeContainer,CableVisualizer,Explosive,ExplodeOnTrigger,Construction,Tag"
"CableDetStack","explosive cord","[ CableStack, BaseSecurityContraband ]","Resources\Prototypes\Entities\Objects\Weapons\Bombs\cord.yml","Stack,Sprite,Item,CablePlacer,Appearance,Extractable,SolutionContainerManager,Damageable,Destructible,Explosive,Tag"
"CableDetStack1","","CableDetStack","Resources\Prototypes\Entities\Objects\Weapons\Bombs\cord.yml","Sprite,Stack,Explosive,Tag"
"CableDetStack10","","CableDetStack","Resources\Prototypes\Entities\Objects\Weapons\Bombs\cord.yml","Sprite,Stack,Explosive,Tag"
"CableHV","HV power cable","CableBase","Resources\Prototypes\Entities\Structures\Power\cables.yml","Sprite,Icon,NodeContainer,Cable,Destructible,CableVisualizer,AmbientSound"
"CleanerGrenade","cleanade","[ BaseCivilianContraband, SmokeGrenade ]","Resources\Prototypes\Entities\Objects\Weapons\Throwable\canister_grenades.yml","Sprite,SmokeOnTrigger"
"ClothingBackpack","backpack","[Clothing, ContentsExplosionResistanceBase]","Resources\Prototypes\Entities\Clothing\Back\backpacks.yml","Sprite,Item,Clothing,Storage,ContainerContainer,UserInterface,UseDelay,ExplosionResistance,Tag"
"ClothingBackpackDuffelSyndicate","syndicate duffel bag","[ClothingBackpackDuffel, BaseSyndicateContraband]","Resources\Prototypes\Entities\Clothing\Back\duffel.yml","Sprite,ExplosionResistance,Storage"
"ClothingBackpackElectropack","electropack","ClothingBackpack","Resources\Prototypes\Entities\Clothing\Back\backpacks.yml","Sprite,Clothing,SelfUnremovableClothing,ShockOnTrigger,TriggerOnSignal,DeviceLinkSink"
"ClothingBackpackERTLeader","ERT leader backpack","[ ClothingBackpack, BaseCentcommContraband ]","Resources\Prototypes\Entities\Clothing\Back\backpacks.yml","Sprite,Storage,ExplosionResistance"
"ClothingBackpackSatchelAdmin","satchel of administration","ClothingBackpackSatchelHolding","Resources\Prototypes\Entities\Clothing\Back\satchel.yml","ExplosionResistance"
"ClothingBackpackSyndicate","syndicate backpack","[ClothingBackpack, BaseSyndicateContraband]","Resources\Prototypes\Entities\Clothing\Back\backpacks.yml","Sprite,ExplosionResistance,Storage,StaticPrice"
"ClothingBeltMilitaryWebbing","chest rig","[ClothingBeltStorageBase, ContentsExplosionResistanceBase, BaseSyndicateContraband]","Resources\Prototypes\Entities\Clothing\Belt\belts.yml","Sprite,Clothing,ExplosionResistance,StaticPrice"
"ClothingBeltSecurity","security belt","[ClothingBeltStorageBase, ContentsExplosionResistanceBase, BaseSecurityContraband]","Resources\Prototypes\Entities\Clothing\Belt\job.yml","Sprite,Clothing,ExplosionResistance,Storage,ItemMapper,Appearance"
"ClothingHeadHelmetBombSuit","bombsuit helmet","ClothingHeadBase","Resources\Prototypes\Entities\Clothing\Head\helmets.yml","Sprite,Clothing,IngestionBlocker,ExplosionResistance,Armor,HideLayerClothing"
"ClothingHeadHelmetFlak","","ClothingHeadHelmetBasic","Resources\Prototypes\_WH40K\Entities\Clothing\Head\helmets.yml","Sprite,Clothing,Item,Armor,ExplosionResistance,HideLayerClothing"
"ClothingHeadHelmetFlakAdv","","ClothingHeadHelmetBasic","Resources\Prototypes\_WH40K\Entities\Clothing\Head\helmets.yml","Sprite,Clothing,Item,Armor,ExplosionResistance,BreathMask,HideLayerClothing"
"ClothingHeadHelmetFlakCHAOS","РєРѕРјРїРѕР·РёС‚РЅС‹Р№ РєР°СЃРєР° РєСѓР»СЊС‚Р° РҐР°РѕСЃР°","ClothingHeadHelmetBasic","Resources\Prototypes\_WH40K\Entities\Clothing\Head\helmets.yml","Sprite,Clothing,Armor,ExplosionResistance,HideLayerClothing"
"ClothingHeadHelmetSwat","SWAT helmet","[ClothingHeadHelmetBase, BaseSecurityContraband]","Resources\Prototypes\Entities\Clothing\Head\helmets.yml","Sprite,Clothing,Armor,ExplosionResistance,HideLayerClothing"
"ClothingOuterArmorAdvancedFlakVest","","ClothingOuterArmorBasic","Resources\Prototypes\_WH40K\Entities\Clothing\OuterClothing\armor.yml","Sprite,Clothing,Armor,ExplosionResistance,ClothingSpeedModifier"
"ClothingOuterArmorBase","armor vest","[ClothingOuterBaseMedium, AllowSuitStorageClothing, BaseSecurityContraband]","Resources\Prototypes\Entities\Clothing\OuterClothing\armor.yml","Sprite,Clothing,Armor,ExplosionResistance"
"ClothingOuterArmorBaseCarapace","","[ ClothingOuterBaseMedium, AllowSuitStorageClothing ]","Resources\Prototypes\Entities\Clothing\OuterClothing\armor.yml","Armor,ExplosionResistance,GroupExamine"
"ClothingOuterArmorBone","bone armor","[ ClothingOuterBaseLarge, BaseMajorContraband, AllowSuitStorageClothing ]","Resources\Prototypes\Entities\Clothing\OuterClothing\armor.yml","Sprite,Clothing,Armor,ClothingSpeedModifier,HeldSpeedModifier,ExplosionResistance,GroupExamine,Construction,ProtectedFromStepTriggers"
"ClothingOuterArmorBulletproof","bulletproof vest","ClothingOuterArmorBase","Resources\Prototypes\Entities\Clothing\OuterClothing\armor.yml","Sprite,Clothing,Armor,ExplosionResistance"
"ClothingOuterArmorChangeling","chitinous armor","[ ClothingOuterBaseLarge, BaseMajorContraband, AllowSuitStorageClothing ]","Resources\Prototypes\Entities\Clothing\OuterClothing\armor.yml","Sprite,Clothing,Armor,ClothingSpeedModifier,HeldSpeedModifier,ExplosionResistance,GroupExamine,ProtectedFromStepTriggers"
"ClothingOuterArmorCommissar","","[ClothingOuterBaseLarge, AllowSuitStorageClothing]","Resources\Prototypes\_WH40K\Entities\Clothing\OuterClothing\coats.yml","Sprite,Clothing,Armor,ClothingSpeedModifier,HeldSpeedModifier,ExplosionResistance,GroupExamine"
"ClothingOuterArmorFlakVest","","ClothingOuterArmorBasic","Resources\Prototypes\_WH40K\Entities\Clothing\OuterClothing\armor.yml","Sprite,Clothing,Armor,ExplosionResistance,ClothingSpeedModifier"
"ClothingOuterArmorFlakVestGen","","ClothingOuterArmorAdvancedFlakVest","Resources\Prototypes\_WH40K\Entities\Clothing\OuterClothing\armor.yml","Sprite,Clothing,Armor,ExplosionResistance,ClothingSpeedModifier"
"ClothingOuterArmorFlakVestLight","","ClothingOuterArmorBasic","Resources\Prototypes\_WH40K\Entities\Clothing\OuterClothing\armor.yml","Sprite,Clothing,Armor,ExplosionResistance"
"ClothingOuterArmorRaid","syndicate raid suit","[ClothingOuterBaseLarge, AllowSuitStorageClothing, BaseSyndicateContraband ]","Resources\Prototypes\Entities\Clothing\OuterClothing\armor.yml","Sprite,Clothing,Armor,ExplosionResistance,StaminaResistance,ClothingSpeedModifier,ToggleableVisuals,ItemTogglePointLight,Appearance,HandheldLight,PointLight,LightBehaviour,Battery,BatterySelfRecharger,Item"
"ClothingOuterArmorRiot","riot suit","[ClothingOuterBaseLarge, AllowSuitStorageClothing, BaseSecurityContraband]","Resources\Prototypes\Entities\Clothing\OuterClothing\armor.yml","Sprite,Clothing,Armor,ExplosionResistance,GroupExamine"
"ClothingOuterArmorScrap","scrap armor","[ClothingOuterBaseLarge, AllowSuitStorageClothing, BaseMajorContraband]","Resources\Prototypes\Entities\Clothing\OuterClothing\scraparmor.yml","Sprite,Item,Clothing,Armor,ExplosionResistance,ClothingSpeedModifier,GroupExamine,Construction"
"ClothingOuterArmorSeniorOfficerArmoredJacket","","[ClothingOuterBaseLarge, AllowSuitStorageClothing]","Resources\Prototypes\_WH40K\Entities\Clothing\OuterClothing\coats.yml","Sprite,Clothing,Armor,ClothingSpeedModifier,HeldSpeedModifier,ExplosionResistance,GroupExamine"
"ClothingOuterHardsuitAtmos","atmos hardsuit","[ClothingOuterHardsuitBase, BaseEngineeringContraband]","Resources\Prototypes\Entities\Clothing\OuterClothing\hardsuits.yml","Sprite,Clothing,PressureProtection,TemperatureProtection,FireProtection,ExplosionResistance,Armor,ClothingSpeedModifier,HeldSpeedModifier,ToggleableClothing,Tag"
"ClothingOuterHardsuitCap","captain's armored spacesuit","[ClothingOuterHardsuitBase, BaseCommandContraband]","Resources\Prototypes\Entities\Clothing\OuterClothing\hardsuits.yml","Sprite,Clothing,PressureProtection,ExplosionResistance,Armor,ClothingSpeedModifier,HeldSpeedModifier,ToggleableClothing,Tag"
"ClothingOuterHardsuitCBURN","CBURN exosuit","[ BaseCentcommContraband, ClothingOuterHardsuitBase ]","Resources\Prototypes\Entities\Clothing\OuterClothing\hardsuits.yml","Sprite,Clothing,PressureProtection,TemperatureProtection,ExplosionResistance,Armor,ZombificationResistance,ClothingSpeedModifier,HeldSpeedModifier,ToggleableClothing"
"ClothingOuterHardsuitClown","clown hardsuit","ClothingOuterHardsuitBase","Resources\Prototypes\Entities\Clothing\OuterClothing\hardsuits.yml","Sprite,Clothing,PressureProtection,ExplosionResistance,Armor,ClothingSpeedModifier,HeldSpeedModifier,Construction,ToggleableClothing"
"ClothingOuterHardsuitDeathsquad","death squad hardsuit","[ BaseCentcommContraband, ClothingOuterHardsuitBase ]","Resources\Prototypes\Entities\Clothing\OuterClothing\hardsuits.yml","Sprite,Clothing,PressureProtection,TemperatureProtection,ExplosionResistance,FireProtection,StaminaResistance,Armor,ClothingSpeedModifier,HeldSpeedModifier,ToggleableClothing"
"ClothingOuterHardsuitEngineering","engineering hardsuit","[ClothingOuterHardsuitBase, BaseEngineeringContraband]","Resources\Prototypes\Entities\Clothing\OuterClothing\hardsuits.yml","Sprite,Clothing,PressureProtection,ExplosionResistance,Armor,ClothingSpeedModifier,HeldSpeedModifier,ToggleableClothing,Tag"
"ClothingOuterHardsuitEngineeringWhite","chief engineer's hardsuit","[ClothingOuterHardsuitBase, BaseCommandContraband]","Resources\Prototypes\Entities\Clothing\OuterClothing\hardsuits.yml","Sprite,Clothing,PressureProtection,FireProtection,ExplosionResistance,Armor,ClothingSpeedModifier,HeldSpeedModifier,ToggleableClothing,Tag"
"ClothingOuterHardsuitGoliath","goliath hardsuit","[ClothingOuterHardsuitBase, BaseCargoContraband]","Resources\Prototypes\Entities\Clothing\OuterClothing\hardsuits.yml","Sprite,Clothing,PressureProtection,ExplosionResistance,Armor,ClothingSpeedModifier,HeldSpeedModifier,ToggleableClothing,Construction,Tag"
"ClothingOuterHardsuitJuggernaut","cybersun juggernaut suit","[ClothingOuterHardsuitBase, BaseSyndicateContraband]","Resources\Prototypes\Entities\Clothing\OuterClothing\hardsuits.yml","Sprite,Clothing,PressureProtection,ExplosionResistance,Armor,ClothingSpeedModifier,HeldSpeedModifier,ToggleableClothing,Tag"
"ClothingOuterHardsuitLing","organic space suit","ClothingOuterHardsuitBase","Resources\Prototypes\Entities\Clothing\OuterClothing\hardsuits.yml","Sprite,Clothing,PressureProtection,ExplosionResistance,Armor,ClothingSpeedModifier,HeldSpeedModifier,ToggleableClothing"
"ClothingOuterHardsuitLuxury #DO NOT MAP - https://github.com/space-wizards/space-station-14/pull/19738#issuecomment-1703486738","luxury mining hardsuit","ClothingOuterHardsuitBase","Resources\Prototypes\Entities\Clothing\OuterClothing\hardsuits.yml","Sprite,Clothing,PressureProtection,ExplosionResistance,Armor,ClothingSpeedModifier,HeldSpeedModifier,ToggleableClothing"
"ClothingOuterHardsuitMaxim","salvager maxim hardsuit","[ClothingOuterHardsuitBase, BaseCargoContraband]","Resources\Prototypes\Entities\Clothing\OuterClothing\hardsuits.yml","Sprite,Clothing,PressureProtection,ClothingSpeedModifier,Armor,ExplosionResistance,TemperatureProtection,ToggleableClothing"
"ClothingOuterHardsuitPirateCap","pirate captain's hardsuit","[ ClothingOuterHardsuitBase, BaseMajorContraband ]","Resources\Prototypes\Entities\Clothing\OuterClothing\hardsuits.yml","Sprite,Item,Clothing,PressureProtection,ExplosionResistance,Armor,ClothingSpeedModifier,HeldSpeedModifier,ToggleableClothing,StaticPrice"
"ClothingOuterHardsuitPirateEVA","deep space EVA suit","[ ClothingOuterHardsuitBase, BaseMajorContraband ]","Resources\Prototypes\Entities\Clothing\OuterClothing\hardsuits.yml","Sprite,Item,Clothing,ExplosionResistance,Armor,ClothingSpeedModifier,HeldSpeedModifier,ToggleableClothing,StaticPrice"
"ClothingOuterHardsuitRd","experimental research hardsuit","[ClothingOuterHardsuitBase, BaseGrandTheftContraband]","Resources\Prototypes\Entities\Clothing\OuterClothing\hardsuits.yml","Sprite,Clothing,PressureProtection,Armor,ExplosionResistance,ClothingSpeedModifier,HeldSpeedModifier,Item,Tag,ToggleableClothing,StaticPrice,StealTarget"
"ClothingOuterHardsuitSalvage","mining hardsuit","[ClothingOuterHardsuitBase, BaseCargoContraband]","Resources\Prototypes\Entities\Clothing\OuterClothing\hardsuits.yml","Sprite,Clothing,PressureProtection,ExplosionResistance,Armor,ClothingSpeedModifier,HeldSpeedModifier,ToggleableClothing,Tag"
"ClothingOuterHardsuitSanta","Santa's hardsuit","ClothingOuterHardsuitBase","Resources\Prototypes\Entities\Clothing\OuterClothing\hardsuits.yml","Sprite,Clothing,PressureProtection,ExplosionResistance,Armor,ClothingSpeedModifier,HeldSpeedModifier,ToggleableClothing"
"ClothingOuterHardsuitSecurity","security hardsuit","[ClothingOuterHardsuitBase, BaseSecurityContraband]","Resources\Prototypes\Entities\Clothing\OuterClothing\hardsuits.yml","Sprite,Clothing,PressureProtection,ExplosionResistance,Armor,ClothingSpeedModifier,HeldSpeedModifier,ToggleableClothing,Tag"
"ClothingOuterHardsuitSecurityRed","head of security's hardsuit","[ClothingOuterHardsuitBase, BaseCommandContraband]","Resources\Prototypes\Entities\Clothing\OuterClothing\hardsuits.yml","Sprite,Clothing,PressureProtection,ExplosionResistance,Armor,ClothingSpeedModifier,HeldSpeedModifier,ToggleableClothing"
"ClothingOuterHardsuitSyndie","blood-red hardsuit","[ ClothingOuterHardsuitBase, BaseSyndicateContraband ]","Resources\Prototypes\Entities\Clothing\OuterClothing\hardsuits.yml","Sprite,Item,Clothing,PressureProtection,ExplosionResistance,StaminaResistance,Armor,ClothingSpeedModifier,HeldSpeedModifier,ToggleableClothing,Tag,StaticPrice"
"ClothingOuterHardsuitSyndieCommander","syndicate commander hardsuit","[ClothingOuterHardsuitBase, BaseSyndicateContraband]","Resources\Prototypes\Entities\Clothing\OuterClothing\hardsuits.yml","Sprite,Clothing,PressureProtection,ExplosionResistance,StaminaResistance,Armor,ClothingSpeedModifier,HeldSpeedModifier,ToggleableClothing,Tag"
"ClothingOuterHardsuitSyndieElite","syndicate elite hardsuit","[ClothingOuterHardsuitBase, BaseSyndicateContraband]","Resources\Prototypes\Entities\Clothing\OuterClothing\hardsuits.yml","Sprite,Clothing,PressureProtection,TemperatureProtection,ExplosionResistance,FireProtection,StaminaResistance,Armor,Item,ClothingSpeedModifier,HeldSpeedModifier,ToggleableClothing,Tag"
"ClothingOuterHardsuitTechpriest","","ClothingOuterHardsuitBase","Resources\Prototypes\_WH40K\Entities\Clothing\OuterClothing\hardsuits.yml","Sprite,Clothing,ExplosionResistance,Armor,ClothingSpeedModifier,HeldSpeedModifier,ToggleableClothing"
"ClothingOuterHardsuitTechpriestMarsMagos","","ClothingOuterHardsuitBase","Resources\Prototypes\_WH40K\Entities\Clothing\OuterClothing\hardsuits.yml","Sprite,Clothing,PressureProtection,FireProtection,ExplosionResistance,Armor,ClothingSpeedModifier,HeldSpeedModifier,ToggleableClothing"
"ClothingOuterHardsuitTechpriestMarsSkitarii","","ClothingOuterHardsuitBase","Resources\Prototypes\_WH40K\Entities\Clothing\OuterClothing\hardsuits.yml","Sprite,Clothing,PressureProtection,TemperatureProtection,ExplosionResistance,Armor,ClothingSpeedModifier,HeldSpeedModifier,ToggleableClothing"
"ClothingOuterHardsuitTechpriestMarsSkitariiAvangard","","ClothingOuterHardsuitBase","Resources\Prototypes\_WH40K\Entities\Clothing\OuterClothing\hardsuits.yml","Sprite,Clothing,PressureProtection,TemperatureProtection,ExplosionResistance,Armor,ClothingSpeedModifier,HeldSpeedModifier,ToggleableClothing"
"ClothingOuterHardsuitVoidsmanGrenadier","","ClothingOuterHardsuitVoidsmanStandard","Resources\Prototypes\_WH40K\Entities\Clothing\OuterClothing\hardsuits.yml","Sprite,Clothing,ExplosionResistance,Armor"
"ClothingOuterHardsuitVoidsmanOfficer","","ClothingOuterHardsuitVoidsmanStandard","Resources\Prototypes\_WH40K\Entities\Clothing\OuterClothing\hardsuits.yml","Sprite,Clothing,PressureProtection,ExplosionResistance,TemperatureProtection,Armor,ClothingSpeedModifier,AllowSuitStorage"
"ClothingOuterHardsuitVoidsmanSergeant","","ClothingOuterHardsuitVoidsmanStandard","Resources\Prototypes\_WH40K\Entities\Clothing\OuterClothing\hardsuits.yml","Sprite,Clothing,PressureProtection,ExplosionResistance,TemperatureProtection,Armor,ClothingSpeedModifier,AllowSuitStorage"
"ClothingOuterHardsuitVoidsmanStandard","","[ClothingOuterBase, GeigerCounterClothing, AllowSuitStorageClothing]","Resources\Prototypes\_WH40K\Entities\Clothing\OuterClothing\hardsuits.yml","Sprite,Clothing,PressureProtection,ExplosionResistance,TemperatureProtection,Armor,ClothingSpeedModifier,HeldSpeedModifier,Item,ContainerContainer,GroupExamine,Tag"
"ClothingOuterHardsuitWarden","warden's hardsuit","[ClothingOuterHardsuitBase, BaseSecurityContraband]","Resources\Prototypes\Entities\Clothing\OuterClothing\hardsuits.yml","Sprite,Clothing,PressureProtection,ExplosionResistance,Armor,ClothingSpeedModifier,HeldSpeedModifier,ToggleableClothing"
"ClothingOuterHardsuitWizard","wizard hardsuit","[ ClothingOuterHardsuitBase, BaseMagicalContraband ]","Resources\Prototypes\Entities\Clothing\OuterClothing\hardsuits.yml","Sprite,Clothing,PressureProtection,ExplosionResistance,Armor,ClothingSpeedModifier,HeldSpeedModifier,ToggleableClothing,Tag"
"ClothingOuterSuitBomb","bomb suit","ClothingOuterBaseLarge","Resources\Prototypes\Entities\Clothing\OuterClothing\suits.yml","Sprite,Clothing,ClothingSpeedModifier,Armor,ExplosionResistance,GroupExamine,Tag,ProtectedFromStepTriggers,HideLayerClothing"
"ClothingOuterVestWebElite","elite web vest","[ClothingOuterArmorBase, AllowSuitStorageClothing, BaseSyndicateContraband]","Resources\Prototypes\Entities\Clothing\OuterClothing\armor.yml","Sprite,Clothing,TemperatureProtection,Armor,ExplosionResistance,FireProtection,StaticPrice"
"ClownRecorder","clown recorder","BaseItem","Resources\Prototypes\Entities\Objects\Fun\sound_maker.yml","Sprite,EmitSoundOnUse,EmitSoundOnLand,EmitSoundOnActivate,EmitSoundOnTrigger,EmitSoundOnCollide,UseDelay,Tag"
"ClusterBananaPeel","cluster banana peel","[FragileGrenadeBase, ScatteringGrenadeBase, ImpactGrenadeBase, BaseSyndicateContraband]","Resources\Prototypes\Entities\Objects\Weapons\Throwable\scattering_grenades.yml","Sprite,ScatteringGrenade,LandAtCursor,DamageOnLand,EmitSoundOnTrigger"
"ClusterBangFull","clusterbang","ClusterBang","Resources\Prototypes\Entities\Objects\Weapons\Throwable\scattering_grenades.yml","Sprite,ScatteringGrenade,TimerTriggerVisuals,GenericVisualizer,EmitSoundOnTrigger"
"ClusterGrenade","clustergrenade","[VolatileGrenadeBase, ScatteringGrenadeBase, TimerGrenadeBase, BaseSyndicateContraband]","Resources\Prototypes\Entities\Objects\Weapons\Throwable\scattering_grenades.yml","Sprite,ScatteringGrenade,TimerTrigger,EmitSoundOnTrigger,StaticPrice"
"CluwneHorn","broken bike horn","BaseItem","Resources\Prototypes\Entities\Objects\Fun\sound_maker.yml","UseDelay,Sprite,Item,Clothing,Tag,EmitSoundOnTrigger,EmitSoundOnUse,EmitSoundOnActivate,EmitSoundOnCollide,EmitSoundOnLand,MeleeWeapon"
"ContentsExplosionResistanceBase","","","Resources\Prototypes\Entities\Clothing\base_clothing.yml","ExplosionResistance,GroupExamine,Armor"
"CoreSubstation","","","Resources\Prototypes\Entities\Structures\Power\substation.yml","Battery,ExaminableBattery,NodeContainer,BatteryCharger,BatteryDischarger,PowerNetworkBattery,StationInfiniteBatteryTarget,BatteryInterface,UserInterface,ActivatableUI,PowerMonitoringDevice,Damageable,PacifismDangerousAttack,GuideHelp,AmbientOnPowered,AmbientSound"
"CrateFreezer","freezer","CratePlastic","Resources\Prototypes\Entities\Structures\Storage\Crates\crates.yml","Icon,Sprite,AntiRottingContainer,ExplosionResistance,Construction,Paintable"
"CrewMonitoringServer","crew monitoring server","[ BaseMachinePowered, ConstructibleMachine ]","Resources\Prototypes\Entities\Structures\Machines\crew_monitor_server.yml","Sprite,Construction,Machine,ContainerContainer,CrewMonitoringServer,SingletonDeviceNetServer,DeviceNetwork,WirelessNetworkConnection,StationLimitedNetwork,ApcPowerReceiver,ExtensionCableReceiver,WiresPanel,WiresVisuals,Destructible,Appearance,GenericVisualizer,AmbientOnPowered,AmbientSound,GuideHelp"
"DeathAcidifierImplant","death-acidifier implant","BaseSubdermalImplant","Resources\Prototypes\Entities\Objects\Misc\subdermal_implants.yml","SubdermalImplant,TriggerOnMobstateChange,TriggerOnActivateImplant,GibOnTrigger,SpawnOnTrigger,Tag"
"DeliveryModifierBomb","","","Resources\Prototypes\Entities\Objects\Deliveries\deliveries.yml","DeliveryBomb,AmbientSound,Explosive"
"DeskBell","desk bell","BaseItem","Resources\Prototypes\Entities\Objects\Misc\desk_bell.yml","Sprite,Tag,InteractionPopup,EmitSoundOnUse,EmitSoundOnTrigger,EmitSoundOnLand,UseDelay,MeleeWeapon"
"DeviceDesynchronizer","desynchronizer","BaseItem","Resources\Prototypes\Entities\Objects\Devices\desynchronizer.yml","Sprite,TriggerOnUse,PolymorphOnTrigger,UseDelay"
"DnaScramblerImplant","DNA scrambler implant","BaseSubdermalImplant","Resources\Prototypes\Entities\Objects\Misc\subdermal_implants.yml","SubdermalImplant,TriggerOnActivateImplant,DnaScrambleOnTrigger,DeleteOnTrigger"
"EffectAnomalyFloraBulb","","","Resources\Prototypes\Entities\Effects\mobspawn.yml","TimedDespawn,Sprite,EffectVisuals,Tag,AnimationPlayer,EntityTableSpawner"
"EffectDesynchronizer","","","Resources\Prototypes\Entities\Effects\desynchronizer_effecs.yml","Sprite,AnimationPlayer,EffectVisuals,TimedDespawn,Tag"
"EffectEmpDisabled","","","Resources\Prototypes\Entities\Effects\emp_effects.yml","TimedDespawn,Sprite,EffectVisuals,Tag,AnimationPlayer"
"EffectEmpPulse","","","Resources\Prototypes\Entities\Effects\emp_effects.yml","TimedDespawn,Sprite,EffectVisuals,Tag,AnimationPlayer"
"EffectFlashBluespace","","","Resources\Prototypes\Entities\Effects\bluespace_flash.yml","PointLight,TimedDespawn,EmitSoundOnSpawn"
"EffectGravityPulse","","","Resources\Prototypes\Entities\Effects\gravity_pulse.yml","TimedDespawn,Sprite,EffectVisuals,Tag,AnimationPlayer"
"EffectHearts","","","Resources\Prototypes\Entities\Effects\hearts.yml","TimedDespawn,Sprite,EffectVisuals,Tag,AnimationPlayer"
"EffectRCDConstruct0","","EffectRCDBase","Resources\Prototypes\Entities\Effects\rcd.yml","Sprite,TimedDespawn"
"EffectRCDConstruct1","","EffectRCDBase","Resources\Prototypes\Entities\Effects\rcd.yml","Sprite,TimedDespawn"
"EffectRCDConstruct2","","EffectRCDBase","Resources\Prototypes\Entities\Effects\rcd.yml","Sprite,TimedDespawn"
"EffectRCDConstruct3","","EffectRCDBase","Resources\Prototypes\Entities\Effects\rcd.yml","Sprite,TimedDespawn"
"EffectRCDConstruct4","","EffectRCDBase","Resources\Prototypes\Entities\Effects\rcd.yml","Sprite,TimedDespawn"
"EffectRCDDeconstruct2","","EffectRCDBase","Resources\Prototypes\Entities\Effects\rcd.yml","Sprite,TimedDespawn"
"EffectRCDDeconstruct4","","EffectRCDBase","Resources\Prototypes\Entities\Effects\rcd.yml","Sprite,TimedDespawn"
"EffectRCDDeconstruct6","","EffectRCDBase","Resources\Prototypes\Entities\Effects\rcd.yml","Sprite,TimedDespawn"
"EffectRCDDeconstruct8","","EffectRCDBase","Resources\Prototypes\Entities\Effects\rcd.yml","Sprite,TimedDespawn"
"EffectSparks","","","Resources\Prototypes\Entities\Effects\sparks.yml","TimedDespawn,Sprite,EffectVisuals,Tag,AnimationPlayer"
"EffectTeslaSparks","","","Resources\Prototypes\Entities\Effects\sparks.yml","TimedDespawn,Sprite,EffectVisuals,Tag,AnimationPlayer,EmitSoundOnSpawn"
"EffectVoidBlink","void blink","","Resources\Prototypes\Entities\Effects\eldritch.yml","PointLight,Transform,Sprite,TimedDespawn,Tag"
"EmitterBolt","emitter bolt","BaseBullet","Resources\Prototypes\Entities\Objects\Weapons\Guns\Projectiles\projectiles.yml","Sprite,Ammo,Physics,Fixtures,Projectile,GatheringProjectile,Tag,TimedDespawn"
"EmpGrenade","EMP grenade","[ImpactGrenadeBase, BaseSyndicateContraband]","Resources\Prototypes\Entities\Objects\Weapons\Throwable\grenades.yml","Sprite,EmpOnTrigger,DeleteOnTrigger,StaticPrice"
"EmpImplant","EMP implant","BaseSubdermalImplant","Resources\Prototypes\Entities\Objects\Misc\subdermal_implants.yml","SubdermalImplant,TriggerOnActivateImplant,EmpOnTrigger"
"EnergyDomeBase","","","Resources\Prototypes\Entities\Effects\dome.yml","Sprite,Physics,Fixtures,Damageable,Appearance,EnergyDomeVisuals,AmbientSound,EnergyDome,Tag"
"Exclamation","exclamation","","Resources\Prototypes\Entities\Effects\exclamation.yml","Transform,Sprite,TimedDespawn,Tag"
"ExGrenade","explosive grenade","[VolatileGrenadeBase, TimerGrenadeBase, BaseSyndicateContraband]","Resources\Prototypes\Entities\Objects\Weapons\Throwable\grenades.yml","ExplodeOnTrigger,Explosive,TimerTrigger"
"ExplosionActivateRune","explosion activated rune","ActivateRune","Resources\Prototypes\Magic\Fixtures\runes.yml","ExplodeOnTrigger,Explosive"
"ExplosionRune","explosion rune","CollideRune","Resources\Prototypes\Magic\Fixtures\runes.yml","TriggerOnCollide,ExplodeOnTrigger,Explosive,Sprite"
"ExplosionTimedRune","explosion timed rune","CollideTimerRune","Resources\Prototypes\Magic\Fixtures\runes.yml","ExplodeOnTrigger,Explosive"
"ExplosivePayload","explosive payload","[ BasePayload, BaseSecurityContraband ]","Resources\Prototypes\Entities\Objects\Devices\payload.yml","Sprite,Explosive,ExplodeOnTrigger,Destructible"
"FireBomb","fire bomb","[ BaseItem, BaseMinorContraband ]","Resources\Prototypes\Entities\Objects\Weapons\Bombs\firebomb.yml","Sprite,Item,TriggerOnUse,TimerTrigger,RandomTimerTrigger,Explosive,ExplodeOnTrigger,Appearance,AnimationPlayer,TimerTriggerVisuals,Damageable,Destructible,Construction"
"Fireplace","fireplace","BaseStructure","Resources\Prototypes\Entities\Structures\Decoration\fireplace.yml","Sprite,Appearance,HolidayVisuals,GenericVisualizer,AmbientSound,PointLight,Damageable,Destructible,AlwaysHot,IgnitionSource"
"FlamethrowerFlashEffect","","","Resources\Prototypes\_WH40K\Entities\Objects\Weapons\Guns\Projectiles\projectiles.yml","TimedDespawn,Sprite,EffectVisuals,Tag,AnimationPlayer"
"FlashPayload","flash payload","[ BasePayload, BaseSecurityScienceCommandContraband ]","Resources\Prototypes\Entities\Objects\Devices\payload.yml","Sprite,DeleteOnTrigger,FlashOnTrigger,EmitSoundOnTrigger"
"FlashRune","flash rune","ActivateRune","Resources\Prototypes\Magic\Fixtures\runes.yml","FlashOnTrigger,DeleteOnTrigger"
"FlashRuneTimer","flash timed rune","CollideTimerRune","Resources\Prototypes\Magic\Fixtures\runes.yml","FlashOnTrigger"
"FloorDrain","drain","","Resources\Prototypes\Entities\Structures\Specific\Janitor\drain.yml","Sprite,InteractionOutline,Clickable,Transform,Physics,AmbientSound,Drain,DumpableSolution,Appearance,SolutionContainerVisuals,SolutionContainerManager,Damageable,Destructible"
"FloorTrapEMP","EMP floor trap","CollideFloorTrap","Resources\Prototypes\floor_trap.yml","TriggerOnCollide,EmpOnTrigger,DeleteOnTrigger"
"FloorTrapExplosion","explosion floor trap","CollideFloorTrap","Resources\Prototypes\floor_trap.yml","TriggerOnCollide,ExplodeOnTrigger,Explosive,DeleteOnTrigger"
"FoodBloonion","bloonion bulb","BaseStructureDynamic","Resources\Prototypes\Entities\Objects\Consumable\Food\produce.yml","Appearance,Sprite,Item,Produce,Tag,PotencyVisuals,FlavorProfile,SolutionContainerManager,Extractable,ExplodeOnTrigger,Explosive,Damageable,Destructible,InteractionOutline,Fixtures"
"FoodEggChickenFertilized","","FoodEgg","Resources\Prototypes\Entities\Mobs\NPCs\animals.yml","Timer,TimedSpawner,TimedDespawn"
"FoodEggDuckFertilized","","FoodEgg","Resources\Prototypes\Entities\Mobs\NPCs\animals.yml","Timer,TimedSpawner,TimedDespawn"
"FragGrenade","frag grenade","[VolatileGrenadeBase, TimerGrenadeBase]","Resources\Prototypes\_WH40K\Entities\Objects\Weapons\Throwable\grenades.yml","Sprite,TimerTrigger,ExplodeOnTrigger,Explosive,ContainerContainer,TimerTriggerVisuals"
"FuelDispenser","fuel dispenser","BaseDispenser","Resources\Prototypes\Entities\Structures\Wallmounts\Storage\wall_dispensers.yml","Sprite,SolutionContainerVisuals,SolutionContainerManager,ReagentTank,DamageOnToolInteract,PacifismDangerousAttack,Explosive"
"FultonEffect","fulton effect","","Resources\Prototypes\Entities\Objects\Tools\fulton.yml","TimedDespawn,Sprite,Tag,AnimationPlayer"
"GasDualPortVentPump","dual-port air vent","GasVentPump","Resources\Prototypes\Entities\Structures\Piping\Atmospherics\binary.yml","SubFloorHide,Sprite,AtmosPipeLayers,GenericVisualizer,PipeColorVisuals,GasVentPump,DeviceNetwork,WirelessNetworkConnection,DeviceLinkSink,Construction,NodeContainer,AmbientSound,AtmosMonitoringConsoleDevice,GuideHelp"
"GasFilter","gas filter","GasTrinaryBase","Resources\Prototypes\Entities\Structures\Piping\Atmospherics\trinary.yml","SubFloorHide,Sprite,Appearance,GenericVisualizer,PipeColorVisuals,UserInterface,GasFilter,Flippable,Construction,AmbientSound,AtmosMonitoringConsoleDevice,GuideHelp"
"GasMixer","gas mixer","GasTrinaryBase","Resources\Prototypes\Entities\Structures\Piping\Atmospherics\trinary.yml","SubFloorHide,Sprite,Appearance,GenericVisualizer,PipeColorVisuals,UserInterface,GasMixer,Flippable,Construction,AmbientSound,AtmosMonitoringConsoleDevice,GuideHelp"
"GasPassiveGate","passive gate","GasBinaryBase","Resources\Prototypes\Entities\Structures\Piping\Atmospherics\binary.yml","SubFloorHide,Sprite,AtmosPipeLayers,Appearance,PipeColorVisuals,GasPassiveGate,Construction,AmbientSound,AtmosMonitoringConsoleDevice,GuideHelp"
"GasPressurePump","gas pump","GasBinaryBase","Resources\Prototypes\Entities\Structures\Piping\Atmospherics\binary.yml","ExtensionCableReceiver,LightningTarget,ApcPowerReceiver,Rotatable,Transform,SubFloorHide,Sprite,AtmosPipeLayers,Appearance,GenericVisualizer,PipeColorVisuals,GasPressurePump,ActivatableUI,ActivatableUIRequiresAnchor,UserInterface,Construction,AmbientSound,AtmosMonitoringConsoleDevice,GuideHelp"
"GasPressureRegulator","inlet pressure regulator","GasBinaryBase","Resources\Prototypes\Entities\Structures\Piping\Atmospherics\binary.yml","Rotatable,Transform,SubFloorHide,Sprite,AtmosPipeLayers,Appearance,GenericVisualizer,PipeColorVisuals,GasPressureRegulator,Construction,ActivatableUI,ActivatableUIRequiresAnchor,UserInterface,AmbientSound,AtmosMonitoringConsoleDevice,GuideHelp"
"GasRecycler","gas recycler","[ BaseMachine, ConstructibleMachine ]","Resources\Prototypes\Entities\Structures\Piping\Atmospherics\binary.yml","Sprite,AtmosPipeLayers,Appearance,GenericVisualizer,PipeColorVisuals,Rotatable,GasRecycler,PipeRestrictOverlap,NodeContainer,AtmosDevice,AtmosPipeColor,AmbientSound,Destructible,Machine,AtmosMonitoringConsoleDevice,Transform,GuideHelp,TegCirculator"
"GasTankBase","","BaseItem","Resources\Prototypes\Entities\Objects\Tools\gas_tanks.yml","Sprite,Item,Clothing,UseDelay,ActivatableUI,UserInterface,GasTank,Explosive,MeleeWeapon,PhysicalComposition,StaticPrice"
"GasValve","manual valve","GasBinaryBase","Resources\Prototypes\Entities\Structures\Piping\Atmospherics\binary.yml","SubFloorHide,Sprite,AtmosPipeLayers,Appearance,GenericVisualizer,PipeColorVisuals,GasValve,NodeContainer,Construction,AmbientSound,AtmosMonitoringConsoleDevice,GuideHelp"
"GasVentPump","air vent","[GasUnaryBase, AirSensorBase]","Resources\Prototypes\Entities\Structures\Piping\Atmospherics\unary.yml","ApcPowerReceiver,ExtensionCableReceiver,DeviceNetwork,Tag,SubFloorHide,Sprite,Appearance,PipeColorVisuals,GenericVisualizer,GasVentPump,Construction,VentCritterSpawnLocation,AmbientSound,Weldable,AtmosMonitoringConsoleDevice,GuideHelp"
"GasVentScrubber","air scrubber","[GasUnaryBase, AirSensorBase]","Resources\Prototypes\Entities\Structures\Piping\Atmospherics\unary.yml","ApcPowerReceiver,ExtensionCableReceiver,DeviceNetwork,Tag,SubFloorHide,Sprite,Appearance,PipeColorVisuals,GenericVisualizer,AtmosDevice,GasVentScrubber,Construction,AmbientSound,Weldable,AtmosMonitoringConsoleDevice,GuideHelp"
"GasVolumePump","volumetric gas pump","GasBinaryBase","Resources\Prototypes\Entities\Structures\Piping\Atmospherics\binary.yml","ExtensionCableReceiver,LightningTarget,ApcPowerReceiver,Rotatable,Transform,SubFloorHide,Sprite,AtmosPipeLayers,Appearance,GenericVisualizer,PipeColorVisuals,GasVolumePump,ActivatableUI,ActivatableUIRequiresAnchor,UserInterface,Construction,AmbientSound,DeviceNetwork,WiredNetworkConnection,AtmosMonitoringConsoleDevice,GuideHelp"
"GeneratorJupiterHardDamaged","","GeneratorJupiter","Resources\Prototypes\_WH40K\Entities\Structures\Power\Generation\generators.yml","Sprite,PowerMonitoringDevice,Destructible,Explosive"
"GeneratorRTG","RTG","BaseGenerator","Resources\Prototypes\Entities\Structures\Power\Generation\generators.yml","PowerSupplier,Sprite,PowerMonitoringDevice,AmbientSound,GuideHelp,Destructible"
"GoliathTentacle","tentacle","","Resources\Prototypes\Entities\Mobs\NPCs\asteroid.yml","Transform,Physics,InteractionOutline,Sprite,StunOnContact,Fixtures,TimedDespawn,SpawnOnDespawn"
"GravityGenerator","gravity generator","BaseMachinePowered","Resources\Prototypes\Entities\Structures\Machines\gravity_generator.yml","StationAiWhitelist,AmbientSound,Sprite,Transform,ApcPowerReceiver,ExtensionCableReceiver,Physics,Fixtures,Repairable,Destructible,PowerCharge,GravityGenerator,ActivatableUI,ActivatableUIRequiresPower,UserInterface,Appearance,PointLight,StaticPrice"
"GrenadeDummy","trick grenade","TimerGrenadeBase","Resources\Prototypes\Entities\Objects\Weapons\Throwable\grenades.yml","Sprite,DeleteOnTrigger,SpawnOnTrigger,EmitSoundOnTrigger,Appearance,TimerTriggerVisuals"
"GrenadeFlashBang","flashbang","[ FragileGrenadeBase, TimerGrenadeBase, BaseSecurityContraband ]","Resources\Prototypes\Entities\Objects\Weapons\Throwable\grenades.yml","Sprite,FlashOnTrigger,EmitSoundOnTrigger,DeleteOnTrigger,SpawnOnTrigger,Appearance,TimerTriggerVisuals,GuideHelp,Tag"
"GrenadeFlashEffect","","","Resources\Prototypes\Entities\Objects\Weapons\Throwable\grenades.yml","PointLight,LightFade,TimedDespawn"
"GrenadeFoamDart","foam dart grenade","[FragileGrenadeBase, ScatteringGrenadeBase, TimerGrenadeBase]","Resources\Prototypes\Entities\Objects\Weapons\Throwable\scattering_grenades.yml","Sprite,ScatteringGrenade,TimerTrigger,EmitSoundOnTrigger"
"GrenadeIncendiary","incendiary grenade","[FragileGrenadeBase, ProjectileGrenadeBase, BaseSyndicateContraband]","Resources\Prototypes\Entities\Objects\Weapons\Throwable\projectile_grenades.yml","Sprite,ProjectileGrenade,TriggerOnUse,TimerTrigger,EmitSoundOnTrigger,StaticPrice"
"GrenadeShrapnel","shrapnel grenade","[FragileGrenadeBase, ProjectileGrenadeBase, BaseSyndicateContraband]","Resources\Prototypes\Entities\Objects\Weapons\Throwable\projectile_grenades.yml","Sprite,ProjectileGrenade,TriggerOnUse,TimerTrigger,EmitSoundOnTrigger,StaticPrice"
"GrenadeStinger","stinger grenade","[FragileGrenadeBase, ProjectileGrenadeBase, BaseSecurityContraband]","Resources\Prototypes\Entities\Objects\Weapons\Throwable\projectile_grenades.yml","Sprite,ProjectileGrenade,EmitSoundOnTrigger,SpawnOnTrigger,TriggerOnUse,TimerTrigger,TimerTriggerVisuals"
"HitscanEffect","","","Resources\Prototypes\Entities\Objects\Weapons\Guns\Projectiles\hitscan.yml","TimedDespawn,Sprite,EffectVisuals,Tag,AnimationPlayer"
"HoloFan","holofan","HolosignWetFloor","Resources\Prototypes\Entities\Structures\Holographic\projections.yml","Sprite,Fixtures,TimedDespawn,Airtight"
"Holopad","holopad","[ BaseMachinePowered, ConstructibleMachine ]","Resources\Prototypes\Entities\Structures\Machines\holopad.yml","Transform,Fixtures,ApcPowerReceiver,PowerState,StationAiVision,Sprite,Appearance,GenericVisualizer,Machine,StationAiWhitelist,PointLight,AmbientSound,Holopad,Speech,Telephone,AccessReader,ActivatableUI,ActivatableUIRequiresPower,UserInterface,WiresPanel,WiresVisuals,Wires,Destructible"
"HoloPeel","holopeel","HolosignWetFloor","Resources\Prototypes\Entities\Structures\Holographic\projections.yml","Sprite,Physics,Slippery,StepTrigger,CollisionWake,Fixtures,TimedDespawn,Destructible"
"HolosignForcefield","holographic force field","HolosignWetFloor","Resources\Prototypes\Entities\Structures\Holographic\projections.yml","Physics,Sprite,Fixtures,TimedDespawn,PointLight,ContainmentField,Destructible"
"HolosignSecurity","holographic barrier","HolosignWetFloor","Resources\Prototypes\Entities\Structures\Holographic\projections.yml","Physics,Sprite,Fixtures,TimedDespawn,PointLight,Climbable"
"HolosignWetFloor","wet floor sign","","Resources\Prototypes\Entities\Structures\Holographic\projections.yml","Transform,Physics,Sprite,TimedDespawn,Clickable,Damageable,Destructible"
"HolyHandGrenade","holy hand grenade","[TimerGrenadeBase, BaseSyndicateContraband]","Resources\Prototypes\Entities\Objects\Weapons\Throwable\grenades.yml","Sprite,ExplodeOnTrigger,Explosive,TimerTrigger,PointLight,TimerTriggerVisuals,StaticPrice"
"HotPotato","hot potato","[BaseItem, BaseSyndicateContraband]","Resources\Prototypes\Entities\Objects\Weapons\Bombs\funny.yml","Sprite,Item,AmbientSound,MeleeWeapon,TriggerOnUse,TimerTrigger,ExplodeOnTrigger,Explosive,DeleteOnTrigger,HotPotato,DamageOnHolding,Appearance,GenericVisualizer"
"HotPotatoEffect","","","Resources\Prototypes\Entities\Objects\Weapons\Bombs\funny.yml","TimedDespawn,Sprite,EffectVisuals,Tag,AnimationPlayer"
"hydroponicsTray","hydroponics tray","[ hydroponicsSoil, SmallConstructibleMachine]","Resources\Prototypes\Entities\Structures\hydro_tray.yml","Fixtures,Anchorable,Pullable,Sprite,Appearance,GenericVisualizer,PlantHolder,Destructible,Machine,WiresPanel,AmbientSound,GuideHelp"
"Igniter","igniter","BaseItem","Resources\Prototypes\Entities\Objects\Devices\Electronics\igniter.yml","Sprite,Item,IgnitionSource,IgniteOnTrigger,EmitSoundOnTrigger,UseDelayOnTrigger,UseDelayTriggerCondition,TriggerOnSignal,DeviceNetwork,WirelessNetworkConnection,DeviceLinkSink,UseDelay,Tag"
"IgniteRune","ignite rune","CollideRune","Resources\Prototypes\Magic\Fixtures\runes.yml","TriggerOnCollide,Fixtures,DeleteOnTrigger,IgniteOnCollide,Sprite"
"ImmovableRodDespawn","","ImmovableRod","Resources\Prototypes\Entities\Objects\Magic\immovable_rod.yml","TimedDespawn"
"JetpackEffect","","","Resources\Prototypes\Entities\Objects\Tools\jetpacks.yml","TimedDespawn,Sprite,EffectVisuals,Tag,AnimationPlayer"
"KitchenMicrowave","microwave","[ BaseMachinePowered, SmallConstructibleMachine ]","Resources\Prototypes\Entities\Structures\Machines\microwave.yml","Microwave,Appearance,GenericVisualizer,ActivatableUI,DeviceLinkSink,DeviceNetwork,WirelessNetworkConnection,UserInterface,Physics,Fixtures,Sprite,Destructible,Explosive,ApcPowerReceiver,PowerState,Machine,ContainerContainer,EmptyOnMachineDeconstruct,GuideHelp,Item,MultiHandedItem,MeleeWeapon,DamageOtherOnHit,DamageOnHit,DamageOnLand,EmitSoundOnLand,HeldSpeedModifier,DamageExaminable"
"KrakGrenade","krak grenade","[VolatileGrenadeBase, TimerGrenadeBase]","Resources\Prototypes\_WH40K\Entities\Objects\Weapons\Throwable\grenades.yml","Sprite,TimerTrigger,ExplodeOnTrigger,Explosive,Appearance,TimerTriggerVisuals"
"LandMineExplosiveUnarmed","explosive mine","BaseLandMine","Resources\Prototypes\Entities\Objects\Misc\land_mine.yml","ExplodeOnTrigger,Explosive"
"LandMineKickUnarmed","kick mine","BaseLandMine","Resources\Prototypes\Entities\Objects\Misc\land_mine.yml","GhostKickOnTrigger,DeleteOnTrigger"
"LockerFreezerBase","freezer","LockerBase","Resources\Prototypes\Entities\Structures\Storage\Closets\Lockers\lockers.yml","Appearance,EntityStorageVisuals,ExplosionResistance,AntiRottingContainer,Construction,Paintable"
"MachineAnomalyGenerator","anomaly generator","BaseMachinePowered","Resources\Prototypes\Entities\Structures\Machines\anomaly_equipment.yml","StationAiWhitelist,SpriteFade,Sprite,Transform,ApcPowerReceiver,ExtensionCableReceiver,AmbientSound,Physics,AnomalyGenerator,MaterialStorage,OreSiloClient,Fixtures,Repairable,WiresPanel,Wires,Destructible,ActivatableUI,ActivatableUIRequiresAccess,ActivatableUIRequiresPower,UserInterface,Appearance,ActiveRadio,GenericVisualizer,WiresVisuals,StaticPrice,AccessReader,GuideHelp"
"MachineAnomalySynchronizer","anomaly synchronizer","[ BaseMachinePowered, ConstructibleMachine ]","Resources\Prototypes\Entities\Structures\Machines\anomaly_sync.yml","AnomalySynchronizer,Machine,DeviceNetwork,WirelessNetworkConnection,DeviceNetworkRequiresPower,DeviceLinkSource,Sprite,AmbientSound,Fixtures,Transform,ApcPowerReceiver,ItemPlacer,DeviceList,PointLight,LitOnPowered,Appearance,GenericVisualizer"
"MachineAnomalyVessel","anomaly vessel","[ BaseMachinePowered, ConstructibleMachine ]","Resources\Prototypes\Entities\Structures\Machines\anomaly_equipment.yml","Sprite,Transform,AnomalyVessel,ResearchClient,ActivatableUI,ActivatableUIRequiresPower,UserInterface,Machine,PointLight,Appearance,WiresPanel,AmbientSound,GenericVisualizer,Explosive,Destructible,GuideHelp"
"MachineAnomalyVesselExperimental","experimental anomaly vessel","MachineAnomalyVessel","Resources\Prototypes\Entities\Structures\Machines\anomaly_equipment.yml","Sprite,SpriteFade,AnomalyVessel,RadiationSource,Machine,Explosive"
"MachineAPE","A.P.E.","[ BaseMachinePowered, ConstructibleMachine ]","Resources\Prototypes\Entities\Structures\Machines\anomaly_equipment.yml","Sprite,Transform,Fixtures,Rotatable,Machine,Lock,LockedWiresPanel,AccessReader,Emitter,ApcPowerReceiver,GuideHelp,Gun,Appearance,WiresPanel,WiresVisuals,GenericVisualizer,LockVisuals,LockedAnchorable,DeviceNetwork,WirelessNetworkConnection,DeviceLinkSink"
"MachineArtifactAnalyzer","artifact analyzer","[ BaseMachinePowered, SmallConstructibleMachine ]","Resources\Prototypes\Entities\Structures\Machines\artifact_analyzer.yml","Sprite,Physics,AmbientSound,Fixtures,Transform,ApcPowerReceiver,ArtifactAnalyzer,ItemPlacer,DeviceNetwork,DeviceList,DeviceLinkSink,Machine,PointLight,GuideHelp,LitOnPowered,Appearance,GenericVisualizer"
"MachineChipProduser","","BaseStructure","Resources\Prototypes\_WH40K\Entities\Structures\Machines\points.yml","Sprite,AmbientSound,PointLight,TimedSpawner,WH40KPhaseTimedSpawner,NavMapBeacon,WH40KInfluencePoint,SpriteFade"
"MachineFlatpacker","Flatpacker 1001","[ BaseMachinePowered, ConstructibleMachine ]","Resources\Prototypes\Entities\Structures\Machines\flatpacker.yml","Sprite,GenericVisualizer,FlatpackCreator,Machine,MaterialStorage,OreSiloClient,AmbientSound,WiresPanel,WiresVisuals,Appearance,ActivatableUI,ActivatableUIRequiresPower,UserInterface,ItemSlots,ContainerContainer,Construction,StaticPrice"
"MacroBombImplant","macro-bomb implant","BaseSubdermalImplant","Resources\Prototypes\Entities\Objects\Misc\subdermal_implants.yml","SubdermalImplant,ReplacementImplant,TriggerOnMobstateChange,TimerTrigger,ExplodeOnTrigger,GibOnTrigger,Explosive,Tag"
"Magic9Ball","magic 9 ball","BaseItem","Resources\Prototypes\Entities\Objects\Fun\orbs.yml","Sprite,Item,TriggerOnActivate,TriggerOnSignal,UseDelay,UseDelayOnTrigger,UseDelayTriggerCondition,SpeakOnTrigger,Speech,DeviceNetwork,WirelessNetworkConnection,DeviceLinkSink,SolutionContainerManager,Damageable,DamageOnLand,EmitSoundOnLand,Destructible,PhysicalComposition"
"MeltaGrenade","melta grenade","[VolatileGrenadeBase, TimerGrenadeBase]","Resources\Prototypes\_WH40K\Entities\Objects\Weapons\Throwable\grenades.yml","Sprite,TimerTrigger,ExplodeOnTrigger,Explosive,TimerTriggerVisuals"
"MetalFoamGrenade","metal foam grenade","[ BaseEngineeringContraband, SmokeGrenade ]","Resources\Prototypes\Entities\Objects\Weapons\Throwable\canister_grenades.yml","Sprite,TimerTrigger,SmokeOnTrigger,StaticPrice"
"MeteorClown","Honksteroid","BaseMeteor","Resources\Prototypes\Entities\Objects\Weapons\Guns\Projectiles\meteors.yml","Sprite,Explosive,SolutionContainerManager,Destructible"
"MeteorCow","Cosmic cow","BaseMeteor","Resources\Prototypes\Entities\Objects\Weapons\Guns\Projectiles\meteors.yml","Sprite,Explosive,SolutionContainerManager,Destructible"
"MeteorLarge","","BaseMeteor","Resources\Prototypes\Entities\Objects\Weapons\Guns\Projectiles\meteors.yml","Sprite,Explosive,Destructible"
"MeteorMedium","","BaseMeteor","Resources\Prototypes\Entities\Objects\Weapons\Guns\Projectiles\meteors.yml","Sprite,Fixtures,Explosive,Destructible"
"MeteorPotato","Space potato","BaseMeteor","Resources\Prototypes\Entities\Objects\Weapons\Guns\Projectiles\meteors.yml","Sprite,Explosive,SolutionContainerManager,Destructible"
"MeteorSmall","","BaseMeteor","Resources\Prototypes\Entities\Objects\Weapons\Guns\Projectiles\meteors.yml","Sprite,Fixtures,Explosive,Destructible"
"MeteorSpaceDust","space dust","BaseMeteor","Resources\Prototypes\Entities\Objects\Weapons\Guns\Projectiles\meteors.yml","Sprite,Fixtures,Explosive,Destructible"
"MeteorUrist","Urist McMeteor","BaseMeteor","Resources\Prototypes\Entities\Objects\Weapons\Guns\Projectiles\meteors.yml","Sprite,SolutionContainerManager,Explosive,Destructible"
"MicroBombImplant","micro-bomb implant","BaseSubdermalImplant","Resources\Prototypes\Entities\Objects\Misc\subdermal_implants.yml","SubdermalImplant,TriggerOnMobstateChange,TriggerOnActivateImplant,ExplodeOnTrigger,GibOnTrigger,Explosive,Tag"
"MobBehonkerElectrical","behonker","BaseMobBehonker","Resources\Prototypes\Entities\Mobs\NPCs\behonker.yml","PyroclasticAnomaly,TempAffectingAnomaly,GasProducerAnomaly"
"MobBehonkerGrav","behonker","BaseMobBehonker","Resources\Prototypes\Entities\Mobs\NPCs\behonker.yml","GravityAnomaly"
"MobCatSyndy","syndicat","MobCatSpace","Resources\Prototypes\Entities\Mobs\NPCs\animals.yml","Sprite,DamageStateVisuals,GhostRole,GhostTakeoverAvailable,AutoImplant,ExplosionResistance,NpcFactionMember,Access,MeleeWeapon"
"MobGrenadePenguin","grenade penguin","[ MobPenguin, MobCombat, BaseSyndicateContraband ]","Resources\Prototypes\Entities\Mobs\NPCs\animals.yml","MovementSpeedModifier,InputMover,MobMover,HTN,NpcFactionMember,Sprite,Fixtures,DamageStateVisuals,MeleeWeapon,Item,TriggerOnUse,TimerTrigger,Explosive,ExplodeOnTrigger,Destructible"
"MobHamsterHamletSlippery","","MobHamsterHamlet","Resources\Prototypes\Entities\Mobs\NPCs\pets.yml","Slippery,StepTrigger,TriggerOnStepTrigger,GibOnTrigger,EmitSoundOnTrigger"
"MobHivelordBrood","hivelord brood","[ BaseMobAsteroid, FlyingMobBase ]","Resources\Prototypes\Entities\Mobs\NPCs\asteroid.yml","Sprite,MovementSpeedModifier,MobThresholds,MeleeWeapon,Ammo,Destructible,NpcFactionMember,HTN,TimedDespawn"
"MobJonkBot","jonkbot","MobHonkBot","Resources\Prototypes\Entities\Mobs\NPCs\silicon.yml","SpamEmitSound,Sprite,Construction,GhostRole,InteractionPopup,Vocal,ExplodeOnTrigger,Explosive"
"MobMouseAdmeme","","MobMouse","Resources\Prototypes\Entities\Mobs\NPCs\animals.yml","IgnoreBadFood,TimedDespawn,Hunger,Thirst"
"MobNarsieSpawn","","MobNarsieBase","Resources\Prototypes\Entities\Mobs\Player\narsie.yml","Sprite,TimedDespawn,SpawnOnDespawn"
"MobParadoxTimed # visual effect when gibbing on round end","","MobParadox","Resources\Prototypes\Entities\Mobs\Player\paradox_clone.yml","TimedDespawn"
"MobRatvarSpawn","","MobRatvarBase","Resources\Prototypes\Entities\Mobs\Player\ratvar.yml","Sprite,TimedDespawn,SpawnOnDespawn"
"MobSpawnCrabQuartz","mobspawner quartzcrab","","Resources\Prototypes\Entities\Effects\mobspawn.yml","Transform,InteractionOutline,Physics,Sprite,Fixtures,TimedDespawn,SpawnOnDespawn"
"MobZoanthrope","","[ SimpleSpaceMobBase, FlyingMobBase ]","Resources\Prototypes\_WH40K\Entities\Mobs\zoanthrope.yml","TypingIndicator,Reactive,Speech,NpcFactionMember,HTN,Sprite,Fixtures,DamageStateVisuals,MobThresholds,MovementSpeedModifier,BatteryAmmoProvider,BatterySelfRecharger,Battery,Gun,CombatMode,TriggerOnMobstateChange,EmitSoundOnTrigger,IntrinsicRadioReceiver,IntrinsicRadioTransmitter,ActiveRadio,Puller"
"MultipartMachineGhost","","","Resources\Prototypes\Entities\Structures\Machines\multipart.yml","MultipartMachineGhost,Sprite,TimedDespawn,Clickable,Tag"
"MuzzleFlashEffect","","","Resources\Prototypes\Entities\Objects\Weapons\Guns\Projectiles\projectiles.yml","TimedDespawn,Sprite,EffectVisuals,Tag,AnimationPlayer"
"MysteryFigureBox","mystery spacemen minifigure box","BaseItem","Resources\Prototypes\Entities\Objects\Fun\Figurines\figurine_boxes.yml","Sprite,TriggerOnActivate,DeleteOnTrigger,EmitSoundOnTrigger,SpawnEntityTableOnTrigger"
"NuclearGrenade","the nuclear option","TimerGrenadeBase","Resources\Prototypes\Entities\Objects\Weapons\Throwable\grenades.yml","Sprite,TimerTrigger,ExplodeOnTrigger,Explosive,Destructible,Appearance,TimerTriggerVisuals"
"OrkGrenade","coolboyz grenade","[VolatileGrenadeBase, TimerGrenadeBase]","Resources\Prototypes\_WH40K\Entities\Objects\Weapons\Throwable\grenades.yml","Sprite,TimerTrigger,ExplodeOnTrigger,Explosive,TimerTriggerVisuals"
"ParticlesProjectile","particles","BaseBullet","Resources\Prototypes\Entities\Structures\Power\Generation\PA\particles.yml","Sprite,Projectile,Physics,Fixtures,ParticleProjectile,SinguloFood,TimedDespawn,Appearance,GenericVisualizer,GuideHelp"
"PelletClusterIncendiary","pellet (ball, incendiary)","BaseBulletIncendiary","Resources\Prototypes\Entities\Objects\Weapons\Guns\Ammunition\Projectiles\grenade.yml","Projectile,IgniteOnCollide,TimedDespawn"
"PelletClusterLessLethal","pellet (ball, less lethal)","BaseBullet","Resources\Prototypes\Entities\Objects\Weapons\Guns\Ammunition\Projectiles\grenade.yml","Projectile,TimedDespawn"
"PelletClusterLethal","pellet (ball, lethal)","BaseBullet","Resources\Prototypes\Entities\Objects\Weapons\Guns\Ammunition\Projectiles\grenade.yml","Projectile,TimedDespawn"
"PelletClusterRubber","pellet (ball, rubber)","BaseBullet","Resources\Prototypes\Entities\Objects\Weapons\Guns\Ammunition\Projectiles\grenade.yml","Projectile,StaminaDamageOnCollide,TimedDespawn"
"PelletShotgunFlare","pellet (.50 flare)","","Resources\Prototypes\Entities\Objects\Weapons\Guns\Ammunition\Projectiles\shotgun.yml","Physics,EmbeddableProjectile,Fixtures,Sprite,IgnitionSource,TimedDespawn,AmbientSound,IgniteOnCollide,PointLight,Projectile"
"PenExploding","","Pen","Resources\Prototypes\Entities\Objects\Weapons\Bombs\pen.yml","TimerTrigger,Explosive,ActivateOnPaperOpened,ExplodeOnTrigger,TriggerOnUse,TriggerOnSignal,DeviceLinkSink,EmitSoundOnUse,AddComponentsOnTrigger,EmbeddableProjectile,ThrowingAngle,LandAtCursor,DamageOtherOnHit"
"Pill","pill","BaseItem","Resources\Prototypes\Entities\Objects\Specific\Chemistry\chemistry.yml","Sprite,Item,Pill,Edible,BadFood,FlavorProfile,SolutionContainerManager,ExplosionResistance,Damageable,Destructible,SolutionSpiker,Extractable,StaticPrice,Tag"
"PipeBomb","pipe bomb","[ TimerGrenadeBase, BaseMinorContraband ]","Resources\Prototypes\Entities\Objects\Weapons\Bombs\pipebomb.yml","Sprite,TriggerOnActivate,TimerTrigger,RandomTimerTrigger,ExplodeOnTrigger,Explosive,Appearance,TimerTriggerVisuals,Construction"
"PlushieArachind","arachnid plushie","BasePlushie","Resources\Prototypes\Entities\Objects\Fun\Plushies\plushies.yml","Sprite,EmitSoundOnUse,EmitSoundOnLand,EmitSoundOnActivate,EmitSoundOnTrigger,EmitSoundOnCollide,Edible,MeleeWeapon,Clothing,FoodSequenceElement"
"PlushieBiomass","","BaseItem","Resources\Prototypes\_WH40K\Entities\Objects\Fun\toys.yml","Sprite,PointLight,AmbientSound"
"PlushieCarp","carp plushie","BasePlushie","Resources\Prototypes\Entities\Objects\Fun\Plushies\plushies.yml","Sprite,Item,EmitSoundOnUse,EmitSoundOnLand,EmitSoundOnActivate,EmitSoundOnTrigger,EmitSoundOnCollide,Edible,MeleeWeapon,FoodSequenceElement,Tag"
"PlushieDiona","diona plushie","BasePlushie","Resources\Prototypes\Entities\Objects\Fun\Plushies\plushies.yml","Sprite,EmitSoundOnUse,EmitSoundOnLand,EmitSoundOnActivate,EmitSoundOnTrigger,EmitSoundOnCollide,MeleeWeapon,Edible,SolutionContainerManager,RefillableSolution,SolutionContainerVisuals,Appearance,Reactive,Fixtures,CollisionWake,Clothing,FoodSequenceElement"
"PlushieExperiment #Arf!","experiment plushie","BasePlushie","Resources\Prototypes\Entities\Objects\Fun\Plushies\plushies.yml","Sprite,Item,EmitSoundOnUse,EmitSoundOnLand,EmitSoundOnActivate,EmitSoundOnTrigger,EmitSoundOnCollide,Edible,MeleeWeapon,Clothing,FoodSequenceElement,Tag"
"PlushieFizzo","FizzoGhoster","BasePlushie","Resources\Prototypes\_WH40K\Entities\Objects\Fun\toys.yml","Sprite,EmitSoundOnUse,EmitSoundOnLand,EmitSoundOnCollide,EmitSoundOnActivate,EmitSoundOnTrigger,MeleeWeapon"
"PlushieHampter","hampter plushie","BasePlushie","Resources\Prototypes\Entities\Objects\Fun\Plushies\plushies.yml","Sprite,EmitSoundOnUse,EmitSoundOnLand,EmitSoundOnActivate,EmitSoundOnTrigger,EmitSoundOnCollide,Edible,MeleeWeapon,Clothing,FoodSequenceElement"
"PlushieHuman","human plushie","BasePlushie","Resources\Prototypes\Entities\Objects\Fun\Plushies\plushies.yml","Sprite,EmitSoundOnUse,EmitSoundOnLand,EmitSoundOnActivate,EmitSoundOnCollide,Edible,MeleeWeapon,EmitSoundOnTrigger,Clothing,FoodSequenceElement"
"PlushieLizard #Weh!","lizard plushie","BasePlushie","Resources\Prototypes\Entities\Objects\Fun\Plushies\plushies.yml","Sprite,Item,EmitSoundOnUse,EmitSoundOnLand,EmitSoundOnActivate,EmitSoundOnTrigger,EmitSoundOnCollide,Edible,MeleeWeapon,Extractable,SolutionContainerManager,Clothing,Speech,FoodSequenceElement,Tag"
"PlushieLizardInversed #Hew!","drazil plushie","PlushieLizard","Resources\Prototypes\Entities\Objects\Fun\Plushies\plushies.yml","Sprite,Item,EmitSoundOnUse,EmitSoundOnLand,EmitSoundOnActivate,EmitSoundOnCollide,EmitSoundOnTrigger,Edible,MeleeWeapon,Extractable,SolutionContainerManager,Clothing,FoodSequenceElement"
"PlushieLizardJobClown","clown lizard plushie","BasePlushieLizardJob","Resources\Prototypes\Entities\Objects\Fun\Plushies\plushielizard_jobs.yml","Sprite,EmitSoundOnUse,EmitSoundOnActivate,EmitSoundOnTrigger"
"PlushieLizardJobMime","mime lizard plushie","BasePlushieLizardJob","Resources\Prototypes\Entities\Objects\Fun\Plushies\plushielizard_jobs.yml","Sprite,EmitSoundOnUse,EmitSoundOnLand,EmitSoundOnActivate,EmitSoundOnTrigger,EmitSoundOnCollide,Edible,MeleeWeapon"
"PlushieMoth","moth plushie","BasePlushie","Resources\Prototypes\Entities\Objects\Fun\Plushies\plushies.yml","Sprite,EmitSoundOnUse,EmitSoundOnLand,EmitSoundOnActivate,EmitSoundOnTrigger,EmitSoundOnCollide,MeleeWeapon,Edible,Clothing,FoodSequenceElement"
"PlushieSharkBlue","blue shark soft toy","BasePlushie","Resources\Prototypes\Entities\Objects\Fun\Plushies\plushies.yml","Sprite,EmitSoundOnUse,EmitSoundOnLand,EmitSoundOnTrigger,EmitSoundOnActivate,EmitSoundOnCollide,MeleeWeapon,Edible,Item,FoodSequenceElement,Tag"
"PlushieSlime","slime plushie","BasePlushie","Resources\Prototypes\Entities\Objects\Fun\Plushies\plushies.yml","Sprite,EmitSoundOnUse,EmitSoundOnLand,EmitSoundOnActivate,EmitSoundOnCollide,EmitSoundOnTrigger,MeleeWeapon,Edible,Clothing,FoodSequenceElement"
"PlushieSnake","snake plushie","BasePlushie","Resources\Prototypes\Entities\Objects\Fun\Plushies\plushies.yml","Sprite,Item,EmitSoundOnUse,EmitSoundOnLand,EmitSoundOnActivate,EmitSoundOnTrigger,EmitSoundOnCollide,Edible,MeleeWeapon,Clothing,Speech,FoodSequenceElement"
"PlushieSpaceLizard #бµ‚бµ‰К°!","space lizard plushie","PlushieLizard","Resources\Prototypes\Entities\Objects\Fun\Plushies\plushies.yml","Sprite,Item,EmitSoundOnUse,EmitSoundOnLand,EmitSoundOnActivate,EmitSoundOnTrigger,EmitSoundOnCollide,Edible,MeleeWeapon,Clothing,FoodSequenceElement"
"PlushieVox","vox plushie","BasePlushie","Resources\Prototypes\Entities\Objects\Fun\Plushies\plushies.yml","Sprite,EmitSoundOnUse,EmitSoundOnLand,EmitSoundOnActivate,EmitSoundOnTrigger,EmitSoundOnCollide,Edible,MeleeWeapon,Clothing,FoodSequenceElement"
"PlushieVulp","vulpkanin plushie","BasePlushie","Resources\Prototypes\Entities\Objects\Fun\Plushies\plushies.yml","Sprite,EmitSoundOnUse,EmitSoundOnLand,EmitSoundOnActivate,EmitSoundOnTrigger,Edible,MeleeWeapon,Clothing,FoodSequenceElement"
"PlushieXeno","xeno plushie","BasePlushie","Resources\Prototypes\Entities\Objects\Fun\Plushies\plushies.yml","Sprite,Item,EmitSoundOnUse,EmitSoundOnLand,EmitSoundOnActivate,EmitSoundOnTrigger,EmitSoundOnCollide,Edible,MeleeWeapon,Clothing,FoodSequenceElement"
"PortableFlasher","portable flasher","[BaseMachine, BaseSecurityContraband]","Resources\Prototypes\Entities\Objects\Weapons\security.yml","EmitSoundOnTrigger,FlashOnTrigger,TriggerOnProximity,Sprite,Fixtures,Appearance,AnimationPlayer,PointLight,GuideHelp"
"PortableGeneratorBase","","[ BaseMachine, SmallConstructibleMachine, StructureWheeled]","Resources\Prototypes\Entities\Structures\Power\Generation\portable_generator.yml","Transform,Physics,StaticPrice,AmbientSound,Fixtures,Appearance,Sprite,WiresPanel,UserInterface,ActivatableUI,Electrified,Destructible,GuideHelp,PortableGenerator,FuelGenerator,PowerSupplier,DeviceLinkSink,GeneratorSignalControl,DeviceNetwork,WirelessNetworkConnection"
"PortableGeneratorJrPacman","J.R.P.A.C.M.A.N.-type portable generator","PortableGeneratorBase","Resources\Prototypes\Entities\Structures\Power\Generation\portable_generator.yml","AmbientSound,Fixtures,Sprite,GenericVisualizer,Machine,FuelGenerator,ChemicalFuelGeneratorAdapter,SolutionContainerManager,RefillableSolution,PortableGenerator,NodeContainer,PowerMonitoringDevice,PowerSupplier,GeneratorExhaustGas,Explosive,Destructible"
"PortableScrubber","portable scrubber","[BaseMachinePowered, SmallConstructibleMachine, StructureWheeled]","Resources\Prototypes\Entities\Structures\Piping\Atmospherics\portable.yml","Transform,Physics,AtmosDevice,Fixtures,Sprite,PortableScrubber,NodeContainer,ApcPowerReceiver,Appearance,GenericVisualizer,PortableScrubberVisuals,AmbientSound,Machine,Damageable,Destructible,GuideHelp"
"PortalArtifact","","BasePortal","Resources\Prototypes\Entities\Effects\portal.yml","Sprite,PointLight,TimedDespawn,Portal"
"PoweredLEDLightPostSmall","post light","PoweredLightPostSmallEmpty","Resources\Prototypes\Entities\Structures\Lighting\ground_lighting.yml","Sprite,PointLight,PoweredLight,AmbientOnPowered,AmbientSound,DamageOnInteract"
"Poweredlight","","PoweredlightEmpty","Resources\Prototypes\Entities\Structures\Lighting\base_lighting.yml","Sprite,PointLight,PoweredLight,AmbientOnPowered,AmbientSound,DamageOnInteract"
"PoweredLightPostSmall","post light","PoweredLightPostSmallEmpty","Resources\Prototypes\Entities\Structures\Lighting\ground_lighting.yml","Sprite,PointLight,PoweredLight,AmbientOnPowered,AmbientSound,DamageOnInteract"
"PoweredSmallLightEmpty","small light","SmallLight","Resources\Prototypes\Entities\Structures\Lighting\base_lighting.yml","Sprite,AmbientSound,PointLight,ContainerContainer,PoweredLight,ApcPowerReceiver,ExtensionCableReceiver,DeviceNetwork,WirelessNetworkConnection,Appearance,PoweredLightVisuals,DeviceLinkSink,DamageOnInteract"
"PoweredStrobeLightEmpty","strobe","AlwaysPoweredStrobeLight","Resources\Prototypes\Entities\Structures\Lighting\strobe_lighting.yml","Sprite,AmbientSound,PointLight,ContainerContainer,PoweredLight,ApcPowerReceiver,ExtensionCableReceiver,DeviceNetwork,WirelessNetworkConnection,Appearance,PoweredLightVisuals,DeviceLinkSink,Construction,DamageOnInteract"
"PoweredStrobeLightEpsilon","","PoweredStrobeLightEmpty","Resources\Prototypes\Entities\Structures\Lighting\strobe_lighting.yml","AmbientSound"
"PoweredStrobeLightPolice","","PoweredStrobeLightEmpty","Resources\Prototypes\Entities\Structures\Lighting\strobe_lighting.yml","AmbientSound"
"PoweredStrobeLightSiren","","PoweredStrobeLightEmpty","Resources\Prototypes\Entities\Structures\Lighting\strobe_lighting.yml","AmbientSound"
"PressureControlledValve","pneumatic valve","GasPipeBase","Resources\Prototypes\Entities\Structures\Piping\Atmospherics\trinary.yml","AtmosDevice,Tag,SubFloorHide,NodeContainer,Sprite,Appearance,GenericVisualizer,PipeColorVisuals,PressureControlledValve,AmbientSound,Construction,AtmosMonitoringConsoleDevice,GuideHelp"
"ProjectileAnomalyFireball","fireball","ProjectileFireball","Resources\Prototypes\Entities\Objects\Weapons\Guns\Projectiles\magic.yml","TimedDespawn,Explosive"
"ProjectileDragonsBreath","dragon's breath","BaseBulletTrigger","Resources\Prototypes\Entities\Objects\Weapons\Guns\Projectiles\magic.yml","PointLight,Sprite,IgnitionSource,RepeatingTrigger,ExplodeOnTrigger,Explosive,TimedDespawn"
"ProjectileFireball","fireball","BulletRocket","Resources\Prototypes\Entities\Objects\Weapons\Guns\Projectiles\magic.yml","PointLight,Projectile,Sprite,Explosive,IgnitionSource,IgniteOnCollide"
"ProjectileGrenadeBase","","BaseItem","Resources\Prototypes\Entities\Objects\Weapons\Throwable\projectile_grenades.yml","Appearance,Damageable,DeleteOnTrigger,Destructible,ContainerContainer,ProjectileGrenade,AnimationPlayer,GenericVisualizer,Tag,Fixtures"
"ProjectilePolyboltBase","","BaseBullet","Resources\Prototypes\Entities\Objects\Weapons\Guns\Projectiles\magic.yml","Sprite,Projectile,TriggerOnCollide,PolymorphOnTrigger"
"ProjectilePolyboltBread","bread polybolt","ProjectilePolyboltBase","Resources\Prototypes\Entities\Objects\Weapons\Guns\Projectiles\magic.yml","PolymorphOnTrigger,WhitelistTriggerCondition"
"ProjectilePolyboltCarp","carp polybolt","ProjectilePolyboltBase","Resources\Prototypes\Entities\Objects\Weapons\Guns\Projectiles\magic.yml","PolymorphOnTrigger,WhitelistTriggerCondition"
"ProjectilePolyboltCluwne","cluwne polybolt","ProjectilePolyboltBase","Resources\Prototypes\Entities\Objects\Weapons\Guns\Projectiles\magic.yml","PolymorphOnTrigger,WhitelistTriggerCondition"
"ProjectilePolyboltDoor","door polybolt","ProjectilePolyboltBase","Resources\Prototypes\Entities\Objects\Weapons\Guns\Projectiles\magic.yml","Sprite,PolymorphOnTrigger,WhitelistTriggerCondition"
"ProjectilePolyboltMonkey","monkey polybolt","ProjectilePolyboltBase","Resources\Prototypes\Entities\Objects\Weapons\Guns\Projectiles\magic.yml","PolymorphOnTrigger,WhitelistTriggerCondition"
"PromethiumBullet","","BaseBulletTrigger","Resources\Prototypes\_WH40K\Entities\Objects\Weapons\Guns\Projectiles\projectiles.yml","TimedDespawn,PointLight,Sprite,FireUnderBullet,FlyBySound,Clickable,Physics,Fixtures,Projectile,IgniteOnCollide"
"PuddleSparkle","sparkle","","Resources\Prototypes\Entities\Effects\puddle.yml","TimedDespawn,EvaporationSparkle,Transform,Sprite"
"PushHorn","push horn","BaseItem","Resources\Prototypes\Entities\Objects\Fun\sound_maker.yml","Sprite,Item,Clothing,EmitSoundOnUse,EmitSoundOnLand,UseDelay,TriggerOnUse,RepulseAttractOnTrigger,SpawnOnTrigger"
"RadiationPulse","shimmering anomaly","","Resources\Prototypes\Entities\Effects\radiation.yml","RadiationSource,TimedDespawn,EmitSoundOnSpawn,RadiationPulse"
"RandomAnomalyInjectorSpawner","random anomaly injector spawner","MarkerBase","Resources\Prototypes\Entities\Markers\Spawners\Random\anomaly.yml","Sprite,RandomSpawner"
"RandomAnomalySpawner","random anomaly spawner","MarkerBase","Resources\Prototypes\Entities\Markers\Spawners\Random\anomaly.yml","Sprite,RandomSpawner"
"RandomRockAnomalySpawner","random rock anomaly spawner","MarkerBase","Resources\Prototypes\Entities\Markers\Spawners\Random\anomaly.yml","Sprite,RandomSpawner"
"ReactionFlash","","","Resources\Prototypes\Entities\Effects\chemistry_effects.yml","PointLight,LightFade,TimedDespawn"
"Recycler","recycler","BaseMachinePowered","Resources\Prototypes\Entities\Structures\Machines\recycler.yml","AmbientSound,Fixtures,DeviceLinkSink,Transform,Sprite,Appearance,RecyclerVisuals,CollideMaterialReclaimer,MaterialReclaimer,MaterialStorage,Conveyor,Rotatable,Repairable,Destructible,InteractionPopup,SpookySpeaker,Speech"
"ResearchAndDevelopmentServer","R&D server","[ BaseMachinePowered, ConstructibleMachine ]","Resources\Prototypes\Entities\Structures\Machines\research.yml","Sprite,PointLight,LitOnPowered,ResearchServer,TechnologyDatabase,ApcPowerReceiver,ExtensionCableReceiver,WiresPanel,WiresVisuals,Machine,Destructible,Appearance,GenericVisualizer,AmbientOnPowered,AmbientSound,GuideHelp"
"RMCContainerBase","cargo container","","Resources\Prototypes\_RMC14\Entities\Structures\containers.yml","Transform,Physics,Fixtures,Sprite,Clickable,Occluder,Damageable,Destructible,ExplosionResistance"
"RubberChicken","rubber chicken","BaseRubberToy","Resources\Prototypes\Entities\Objects\Fun\sound_maker.yml","Sprite,EmitSoundOnUse,EmitSoundOnLand,EmitSoundOnActivate,EmitSoundOnCollide,EmitSoundOnTrigger,MeleeWeapon"
"SadTromboneImplant","sad trombone implant","BaseSubdermalImplant","Resources\Prototypes\Entities\Objects\Misc\subdermal_implants.yml","SubdermalImplant,TriggerOnMobstateChange,EmitSoundOnTrigger"
"SeismicCharge","seismic charge","[ BasePlasticExplosive, BaseSecurityCargoContraband ]","Resources\Prototypes\Entities\Objects\Weapons\Bombs\plastic.yml","Sprite,TriggerOnActivate,TriggerOnSignal,TriggerOnStuck,ToggleTriggerCondition,TimerTrigger,DeviceLinkSink,Explosive,ExplodeOnTrigger"
"SelfDestructSeq","self destruct","TimerGrenadeBase","Resources\Prototypes\Entities\Objects\Weapons\Throwable\grenades.yml","ExplodeOnTrigger,Explosive,TimerTrigger,LightBehaviorOnTrigger,PointLight,RotatingLight,LightBehaviour"
"ShadowPortal","shadow rift","[ BasePortal, BaseShadow ]","Resources\Prototypes\Entities\Effects\portal.yml","Portal,Sprite,PointLight,AmbientSound"
"ShardBase","","BaseItem","Resources\Prototypes\Entities\Objects\Materials\shards.yml","Sharp,Execution,Sprite,RandomSprite,MeleeWeapon,Item,CollisionWake,Fixtures,DamageOtherOnHit,Tag,SpaceGarbage,Damageable,Destructible,StepTrigger,PreventableStepTrigger,Slippery,TriggerOnStepTrigger,DamageOnTrigger,DeleteOnTrigger,StaticPrice"
"ShuttleComputerModular","С‚РµСЂРјРёРЅР°Р» СѓРїСЂР°РІР»РµРЅРёСЏ","[BaseComputer, BaseMachinePowered]","Resources\Prototypes\_WH40K\Entities\Structures\Machines\Computers\ComputerModular.yml","SpriteFade,Sprite,AmbientSound,PointLight,Transform,LitOnPowered,ApcPowerReceiver,ExtensionCableReceiver,Physics,CommunicationsConsole,DeviceNetwork,ActivatableUIRequiresPower,ActivatableUI,UserInterface,Computer,MaterialStorage,Fixtures,Repairable,WiresPanel,Destructible,Appearance,GenericVisualizer,WiresVisuals"
"SignalControlledValve","signal valve","GasBinaryBase","Resources\Prototypes\Entities\Structures\Piping\Atmospherics\binary.yml","StationAiWhitelist,SubFloorHide,Sprite,AtmosPipeLayers,Appearance,GenericVisualizer,PipeColorVisuals,GasValve,SignalControlledValve,DeviceNetwork,WirelessNetworkConnection,DeviceLinkSink,NodeContainer,Construction,AmbientSound,AtmosMonitoringConsoleDevice,GuideHelp"
"SignalTrigger","signal trigger","TimerTrigger","Resources\Prototypes\Entities\Objects\Devices\Electronics\triggers.yml","Sprite,StaticPrice,Tag,PayloadTrigger,DeviceNetwork,WirelessNetworkConnection,DeviceLinkSink,TriggerOnSignal,TimerTrigger"
"Singularity","gravitational singularity","","Resources\Prototypes\Entities\Structures\Power\Generation\Singularity\singularity.yml","Clickable,AmbientSound,Physics,CanMoveInAir,EventHorizon,GravityWell,Fixtures,Singularity,RandomWalk,SingularityDistortion,RadiationSource,PointLight,Appearance,GuideHelp,Tag,WarpPoint,Sprite,GenericVisualizer"
"SingularityGrenade","singularity grenade","[ FragileGrenadeBase, TimerGrenadeBase, BaseSyndicateContraband ]","Resources\Prototypes\Entities\Objects\Weapons\Throwable\grenades.yml","Sprite,TimerTrigger,TimerTriggerVisuals,EmitSoundOnTrigger,AnchorOnTrigger,TwoStageTrigger,AmbientSound,GravityWell,SingularityDistortion,PointLight,EmitSoundOnTrigger,DeleteOnTrigger,StaticPrice"
"SinkEmpty","sink","","Resources\Prototypes\Entities\Structures\Furniture\sink.yml","Clickable,InteractionOutline,Sprite,Appearance,SolutionContainerVisuals,SolutionContainerManager,SolutionRegeneration,DrainableSolution,ReagentTank,Drain,DumpableSolution,Damageable,Destructible,AmbientSound"
"Skub","skub","BaseItem","Resources\Prototypes\Entities\Objects\Fun\sound_maker.yml","Sprite,Tag,Item,EmitSoundOnUse,EmitSoundOnLand,EmitSoundOnTrigger,EmitSoundOnActivate,EmitSoundOnCollide,MeleeWeapon,UseDelay"
"SlipocalypseClusterSoap","slipocalypse clustersoap","[SoapSyndie, ScatteringGrenadeBase, ImpactGrenadeBase, BaseSyndicateContraband]","Resources\Prototypes\Entities\Objects\Weapons\Throwable\scattering_grenades.yml","Sprite,ScatteringGrenade,LandAtCursor,DamageOnLand,EmitSoundOnTrigger,StaticPrice"
"SmallLight","small light","AlwaysPoweredWallLight","Resources\Prototypes\Entities\Structures\Lighting\base_lighting.yml","AmbientSound,Sprite,PointLight,Physics,Fixtures,Damageable,Destructible,Construction"
"SmartFridge","SmartFridge","[BaseStructureDynamic, ConstructibleMachine]","Resources\Prototypes\Entities\Structures\Machines\smartfridge.yml","StationAiWhitelist,Vocalizer,VocalizerRequiresPower,DatasetVocalizer,Speech,Appearance,Sprite,PointLight,Machine,ContainerContainer,Construction,LitOnPowered,ApcPowerReceiver,ExtensionCableReceiver,SmartFridge,ActivatableUI,ActivatableUIRequiresPower,UserInterface,WiresPanel,WiresVisuals,AccessReader,UseDelay,AntiRottingContainer,ResistLocker,Physics,Transform,Fixtures,Anchorable,InteractionOutline,Destructible,Damageable,DamageOnHighSpeedImpact,ExplosionResistance,Airtight"
"Smoke","smoke","BaseFoam","Resources\Prototypes\Entities\Effects\chemistry_effects.yml","Occluder,Sprite,TimedDespawn,Tag"
"SmokeGrenade","smoke grenade","[VolatileGrenadeBase, TimerGrenadeBase, BaseSecurityContraband ]","Resources\Prototypes\Entities\Objects\Weapons\Throwable\canister_grenades.yml","Sprite,SmokeOnTrigger,EmitSoundOnTrigger,DeleteOnTrigger,TimerTriggerVisuals"
"SnapPop","snap pop","BaseItem","Resources\Prototypes\Entities\Objects\Fun\toys.yml","Sprite,Item,Damageable,Destructible,DamageOnLand,Explosive,Construction"
"SnapPopExplosive","","SnapPop","Resources\Prototypes\Entities\Objects\Weapons\Bombs\funny.yml","Explosive,Construction"
"SoapletSyndie","soaplet","BaseSoap","Resources\Prototypes\Entities\Objects\Specific\Janitorial\soap.yml","SolutionContainerManager,SolutionContainerVisuals,Sprite,Slippery,StepTrigger,TriggerOnStepTrigger,Item,Fixtures,DeleteOnTrigger,EmitSoundOnTrigger,Residue"
"Spark","lightning","BaseLightning","Resources\Prototypes\Entities\Effects\lightning.yml","Sprite,Electrified,Lightning,PointLight,Beam,TimedDespawn,Tag"
"SpawnFloorTrapBear","","CollideFloorTrapSpawn","Resources\Prototypes\floor_trap.yml","TriggerOnCollide,SpawnOnTrigger,DeleteOnTrigger"
"SpawnFloorTrapCarp","","CollideFloorTrapSpawn","Resources\Prototypes\floor_trap.yml","TriggerOnCollide,SpawnOnTrigger,DeleteOnTrigger"
"SpawnFloorTrapKangaroo","","CollideFloorTrapSpawn","Resources\Prototypes\floor_trap.yml","TriggerOnCollide,SpawnOnTrigger,DeleteOnTrigger"
"SpawnFloorTrapXenoBurrower","","CollideFloorTrapSpawn","Resources\Prototypes\floor_trap.yml","TriggerOnCollide,SpawnOnTrigger,DeleteOnTrigger"
"SpawnFloorTrapXenoDrone","","CollideFloorTrapSpawn","Resources\Prototypes\floor_trap.yml","TriggerOnCollide,SpawnOnTrigger,DeleteOnTrigger"
"SpiderCharge","spider clan charge","[ BaseItem, BaseHighlyIllegalContraband ]","Resources\Prototypes\Entities\Objects\Weapons\Bombs\spider.yml","Sprite,Item,SpiderCharge,TriggerOnStuck,TimerTrigger,Sticky,Explosive,ExplodeOnTrigger,StickyVisualizer,Appearance,GenericVisualizer"
"StationAnchorBase","station anchor","","Resources\Prototypes\Entities\Structures\Shuttles\station_anchor.yml","StationAnchor,Transform,Physics,AmbientSound,InteractionOutline,Sprite,GenericVisualizer,Appearance,Fixtures"
"StrangeToster","","BasePlushie","Resources\Prototypes\_WH40K\Entities\Objects\Fun\toys.yml","Sprite,EmitSoundOnUse,EmitSoundOnLand,EmitSoundOnCollide,EmitSoundOnActivate,EmitSoundOnTrigger,MeleeWeapon"
"StructureAltar","dark gods altar","BaseStructure","Resources\Prototypes\_WH40K\Entities\Structures\specific\altar.yml","Sprite,WH40KChaosAltar,AmbientSound"
"Stunbaton","stun baton","[BaseItem, BaseSecurityContraband]","Resources\Prototypes\Entities\Objects\Weapons\security.yml","Sprite,Stunbaton,ItemToggle,ItemTogglePrefix,ItemToggleMeleeWeapon,MeleeWeapon,StaminaDamageOnHit,StaminaDamageOnCollide,LandAtCursor,Battery,UseDelay,Item,Clothing,DisarmMalus,Appearance,GenericVisualizer,StaticPrice,Riggable,SolutionContainerManager,InjectableSolution,DrawableSolution,Explosive,PhysicalComposition,GuideHelp"
"StunRune","stun rune","CollideRune","Resources\Prototypes\Magic\Fixtures\runes.yml","TriggerOnCollide,DeleteOnTrigger,StunOnCollide,Sprite"
"SurveillanceCameraRouterBase","camera router","[ BaseMachinePowered, ConstructibleMachine ]","Resources\Prototypes\Entities\Structures\Machines\surveillance_camera_routers.yml","DeviceNetwork,WiredNetworkConnection,DeviceNetworkRequiresPower,UserInterface,Machine,Sprite,GenericVisualizer,Appearance,AmbientOnPowered,AmbientSound,WiresVisuals,WiresPanel"
"SurveillanceCameraWirelessRouterBase","wireless camera router","[ BaseMachinePowered, ConstructibleMachine ]","Resources\Prototypes\Entities\Structures\Machines\surveillance_camera_routers.yml","DeviceNetwork,WirelessNetworkConnection,DeviceNetworkRequiresPower,UserInterface,Machine,Sprite,GenericVisualizer,Appearance,AmbientOnPowered,AmbientSound,WiresVisuals,WiresPanel"
"SyndicateBomb","syndicate bomb","[BaseHardBomb, BaseSyndicateContraband]","Resources\Prototypes\Entities\Structures\Machines\bombs.yml","Sprite,GenericVisualizer,PointLight,Explosive,StaticPrice"
"SyndicateBombFake","","SyndicateBomb","Resources\Prototypes\Entities\Structures\Machines\bombs.yml","Explosive"
"SyndieMiniBomb","syndicate minibomb","[VolatileGrenadeBase, TimerGrenadeBase, BaseSyndicateContraband]","Resources\Prototypes\Entities\Objects\Weapons\Throwable\grenades.yml","Sprite,ExplosionResistance,TimerTrigger,ExplodeOnTrigger,Explosive,Appearance,TimerTriggerVisuals,StaticPrice"
"SyndieTrickyBomb","syndicate trickybomb","[GrenadeDummy, BaseSyndicateContraband]","Resources\Prototypes\Entities\Objects\Weapons\Throwable\grenades.yml","Sprite,TimerTrigger,EmitSoundOnTrigger,Appearance,TimerTriggerVisuals,StaticPrice"
"TearGasGrenade","tear gas grenade","SmokeGrenade","Resources\Prototypes\Entities\Objects\Weapons\Throwable\canister_grenades.yml","Sprite,SmokeOnTrigger"
"TearGasSmoke","tear gas","BaseFoam","Resources\Prototypes\Entities\Effects\chemistry_effects.yml","Sprite,TimedDespawn,Tag"
"TegCenter","thermo-electric generator","BaseMachinePowered","Resources\Prototypes\Entities\Structures\Power\Generation\teg.yml","Transform,Sprite,GenericVisualizer,Anchorable,Pullable,NodeContainer,PowerMonitoringDevice,Rotatable,AtmosDevice,TegGenerator,DeviceNetwork,WiredNetworkConnection,PowerSupplier,Appearance,ApcPowerReceiver,LitOnPowered,PointLight,AmbientSound,GuideHelp,StealTarget"
"TegCirculator","circulator","BaseMachine","Resources\Prototypes\Entities\Structures\Power\Generation\teg.yml","Transform,Sprite,GenericVisualizer,Appearance,PointLight,Tag,Rotatable,Anchorable,Pullable,GuideHelp,NodeContainer,AtmosUnsafeUnanchor,PipeRestrictOverlap,TegCirculator,StealTarget,Sprite,TimedDespawn,Tag"
"TelecomServer","telecommunication server","[ BaseMachinePowered, ConstructibleMachine ]","Resources\Prototypes\Entities\Structures\Machines\telecomms.yml","Sprite,ItemMapper,PointLight,LitOnPowered,GenericVisualizer,Appearance,AmbientOnPowered,AmbientSound,WiresVisuals,Physics,Fixtures,Destructible,Machine,WiresPanel,Transform,Pullable,EncryptionKeyHolder,TelecomServer,ContainerContainer"
"TemporaryEntityForTimedDespawnSpawners","","","Resources\Prototypes\Entities\Markers\Spawners\temp.yml","Transform,Physics,TimedDespawn"
"TeslaGunBullet","tesla gun lightning","BaseBullet","Resources\Prototypes\Entities\Objects\Weapons\Guns\Projectiles\projectiles.yml","TimedDespawn,Sprite,StaminaDamageOnCollide,EmbeddableProjectile,Projectile,LightningArcShooter,Electrified,Tag"
"TeslaMiniEnergyBall","mini ball lightning","BaseEnergyBall","Resources\Prototypes\Entities\Structures\Power\Generation\Tesla\energyball.yml","ChasingWalk,TeslaEnergyBall,Fixtures,TimedDespawn,Sprite,Electrified"
"ThrowingStarNinja","ninja throwing star","ThrowingStar","Resources\Prototypes\Entities\Objects\Weapons\Throwable\throwing_stars.yml","TimedDespawn"
"TimerGrenadeBase","","GrenadeBase","Resources\Prototypes\Entities\Objects\Weapons\Throwable\base_grenades.yml","TriggerOnUse,TimerTrigger,Destructible,GenericVisualizer"
"TimerTrigger","timer trigger","BaseItem","Resources\Prototypes\Entities\Objects\Devices\Electronics\triggers.yml","Sprite,Item,StaticPrice,PayloadTrigger,TriggerOnUse,TimerTrigger"
"ToyIan","ian toy","BasePlushie","Resources\Prototypes\Entities\Objects\Fun\Plushies\plushies.yml","Sprite,Clothing,Item,EmitSoundOnUse,EmitSoundOnLand,EmitSoundOnActivate,EmitSoundOnTrigger,EmitSoundOnCollide,MeleeWeapon,Edible,FoodSequenceElement"
"ToyMouse","mouse toy","BasePlushie","Resources\Prototypes\Entities\Objects\Fun\Plushies\plushies.yml","Sprite,EmitSoundOnUse,EmitSoundOnLand,EmitSoundOnActivate,EmitSoundOnTrigger,EmitSoundOnCollide,Edible,MeleeWeapon,Clothing,FoodSequenceElement"
"ToyNuke","nuke toy","BaseFigurine","Resources\Prototypes\Entities\Objects\Fun\Figurines\figurines.yml","Sprite,Clothing,Tag,UseDelay,EmitSoundOnTrigger"
"ToyRubberDuck","rubber ducky","BaseRubberToy","Resources\Prototypes\Entities\Objects\Fun\sound_maker.yml","Sprite,Clothing,Item,EmitSoundOnUse,EmitSoundOnLand,EmitSoundOnActivate,EmitSoundOnTrigger,EmitSoundOnCollide,MeleeWeapon,Tag"
"TrainingBomb","training bomb","BaseHardBomb","Resources\Prototypes\Entities\Structures\Machines\bombs.yml","Wires,Sprite,GenericVisualizer,PointLight,Explosive,Defusable"
"TrashBananaPeelExplosive","","TrashBananaPeel","Resources\Prototypes\Entities\Objects\Weapons\Bombs\funny.yml","Sprite,TriggerOnSlip,ExplodeOnTrigger,Explosive,DeleteOnTrigger,AnimationPlayer,Damageable,Destructible,Tag"
"Turnstile","turnstile","BaseStructure","Resources\Prototypes\Entities\Structures\Doors\turnstile.yml","Sprite,AnimationPlayer,Fixtures,MeleeSound,InteractionOutline,Turnstile,Appearance,Damageable,Destructible,AccessReader,Construction,Sprite,TimedDespawn,Tag"
"VendingMachine","vending machine","BaseMachinePowered","Resources\Prototypes\Entities\Structures\Machines\vending_machines.yml","ActionGrant,StationAiWhitelist,AmbientOnPowered,AmbientSound,Sprite,Physics,Transform,Fixtures,Destructible,Repairable,ActivatableUI,ActivatableUIRequiresPower,UserInterface,WiresPanel,Wires,Anchorable,TypingIndicator,Speech,Vocalizer,VocalizerRequiresPower,SpookySpeaker,IntrinsicRadioReceiver,ActiveRadio,DoAfter,Electrified,PointLight,LitOnPowered,ApcPowerReceiver,Actions,SentienceTarget,StaticPrice,Appearance,WiresVisuals"
"VendingMachineWallmount","vending machine","BaseWallmountMachine","Resources\Prototypes\Entities\Structures\Machines\vending_machines.yml","StationAiWhitelist,AmbientOnPowered,AmbientSound,Destructible,Repairable,ActivatableUI,ActivatableUIRequiresPower,UserInterface,WiresPanel,Wires,PointLight,LitOnPowered,Appearance,WiresVisuals,Electrified,Rotatable"
"VirtualBeamEntityController","BEAM ENTITY YOU SHOULD NOT SEE THIS","","Resources\Prototypes\Entities\Virtual\beam.yml","Beam,TimedDespawn,Tag"
"voicesensor","voice sensor","BaseItem","Resources\Prototypes\Entities\Objects\Devices\Electronics\misc_linking_utilities.yml","Sprite,StaticPrice,DeviceLinkSource,SignalOnTrigger,TriggerOnVoice,UseDelayOnTrigger,UseDelayTriggerCondition,UseDelay,EmitSoundOnTrigger,DeviceNetwork,WirelessNetworkConnection"
"WallForce","force wall","","Resources\Prototypes\Entities\Structures\Walls\walls.yml","TimedDespawn,Tag,Physics,Fixtures,Airtight,Sprite,Icon"
"WallInvisible","invisible wall","","Resources\Prototypes\Entities\Structures\Walls\walls.yml","TimedDespawn,Tag,Physics,Fixtures,Airtight"
"WallSpawnAsteroid","","","Resources\Prototypes\Entities\Effects\wallspawn.yml","Transform,InteractionOutline,Physics,Sprite,Fixtures,TimedDespawn,SpawnOnDespawn"
"WatcherBolt","watcher bolt","BaseBullet","Resources\Prototypes\Entities\Objects\Weapons\Guns\Projectiles\projectiles.yml","FlyBySound,Sprite,Ammo,Physics,Fixtures,Projectile,TimedDespawn,ChangeTemperatureOnCollide"
"WeaponArcBite","","WeaponArcStatic","Resources\Prototypes\Entities\Effects\weapon_arc.yml","WeaponArcVisuals,Sprite,TimedDespawn"
"WeaponArcClaw","","WeaponArcStatic","Resources\Prototypes\Entities\Effects\weapon_arc.yml","WeaponArcVisuals,Sprite,TimedDespawn"
"WeaponArcDisarm","","WeaponArcAnimated","Resources\Prototypes\Entities\Effects\weapon_arc.yml","WeaponArcVisuals,Sprite,TimedDespawn"
"WeaponArcKick","","WeaponArcStatic","Resources\Prototypes\Entities\Effects\weapon_arc.yml","WeaponArcVisuals,Sprite,TimedDespawn"
"WeaponArcPunch","","WeaponArcStatic","Resources\Prototypes\Entities\Effects\weapon_arc.yml","WeaponArcVisuals,Sprite,TimedDespawn"
"WeaponArcSmash","","WeaponArcStatic","Resources\Prototypes\Entities\Effects\weapon_arc.yml","WeaponArcVisuals,Sprite,TimedDespawn"
"WeaponArcStatic","","","Resources\Prototypes\Entities\Effects\weapon_arc.yml","TimedDespawn,Sprite,EffectVisuals,WeaponArcVisuals,Tag"
"WeaponGauntletGorilla","G.O.R.I.L.L.A. gauntlet","BaseItem","Resources\Prototypes\Entities\Objects\Specific\Research\anomaly.yml","Sprite,Item,MeleeWeapon,CorePoweredThrower,MeleeThrowOnHit,ItemSlots,ContainerContainer,DamageOnAttackedProtection"
"WeaponTurretSyndicateDisposable","disposable ballistic turret","BaseWeaponBallisticTurret","Resources\Prototypes\Entities\Objects\Weapons\Guns\Turrets\turrets_ballistic.yml","NpcFactionMember,Destructible,Gun,BallisticAmmoProvider,Construction,Repairable,TriggerOnEmptyGunshot,ExplodeOnTrigger,Explosive"
"WeldingFuelTank","fuel tank","[StorageTank, StructureWheeled]","Resources\Prototypes\Entities\Structures\Storage\Tanks\tanks.yml","StaticPrice,Sprite,Appearance,SolutionContainerVisuals,ExaminableSolution,ReagentTank,DamageOnToolInteract,PacifismDangerousAttack,Explosive"
"WeldingFuelTankHighCapacity","high-capacity fuel tank","[StorageTankBig, WeldingFuelTank] # StorageTankBig must come first, or else the desnity won't get inherited.","Resources\Prototypes\Entities\Structures\Storage\Tanks\tanks.yml","StaticPrice,Sprite,SolutionContainerVisuals,SolutionContainerManager,Explosive"
"WetFloorSignMineExplosive","","WetFloorSign","Resources\Prototypes\Entities\Objects\Specific\Janitorial\janitor.yml","StepTrigger,CollisionWake,Physics,Fixtures,LandMine,Explosive,ExplodeOnTrigger,DeleteOnTrigger,TimerTrigger,TriggerOnVerb,Tag"
"WH40KExplosionEffectDebris","","","Resources\Prototypes\_WH40K\Entities\Effects\explosion_visuals.yml","TimedDespawn,Sprite,EffectVisuals,Tag"
"WH40KExplosionEffectShockWave","","","Resources\Prototypes\_WH40K\Entities\Effects\explosion_visuals.yml","TimedDespawn,WH40KExplosionShockWave"
"WH40KInflatableDoorImperium","imperium inflatable door","InflatableDoor","Resources\Prototypes\_WH40K\Entities\Structures\Misc\inflatable_wall.yml","Sprite,Damageable,Destructible,DisassembleOnAltVerb,TimedDespawn"
"WH40KInflatableWallImperium","imperium inflatable wall","InflatableWall","Resources\Prototypes\_WH40K\Entities\Structures\Misc\inflatable_wall.yml","Sprite,Damageable,Destructible,DisassembleOnAltVerb,TimedDespawn"
"WH40KMissionAirdropParachute","","","Resources\Prototypes\_WH40K\Entities\Effects\mission_runtime.yml","TimedDespawn,Transform,Sprite,PointLight,Tag"
"WH40KMissionCargoCrate","high-value cargo crate","CrateGenericSteel","Resources\Prototypes\_WH40K\Entities\Effects\mission_runtime.yml","TimedDespawn,EntityTableContainerFill,NavMapBeacon,PointLight,WH40KTacticalFultonTarget"
"WH40KMissionCargoCrateDelivery","strategic cargo container","CrateGenericSteel","Resources\Prototypes\_WH40K\Entities\Effects\mission_runtime.yml","TimedDespawn,PointLight,WH40KTacticalFultonTarget"
"WH40KMortarShellHE","80mm HE mortar shell","WH40KMortarShellBase","Resources\Prototypes\_WH40K\Entities\Objects\Weapons\mortars.yml","Item,Sprite,WH40KMortarShell,Explosive"
"WH40KObjectiveBase","wh40k-objective-base-name","BaseStructure","Resources\Prototypes\_WH40K\Entities\Structures\objectives.yml","Sprite,Appearance,WH40KAlwaysShowHealthBar,Fixtures,GenericVisualizer,InteractionOutline,Damageable,MobState,MobThresholds,WH40KObjective,TimerTrigger,EmitSoundOnTrigger,SpawnOnTrigger"
"WH40KOrbitalStrikeMarker","","","Resources\Prototypes\_WH40K\Entities\Effects\orbital_bombardment.yml","TimedDespawn,Transform,Sprite,PointLight"
"WH40KSignalFlareMarker","signal flare marker","","Resources\Prototypes\_WH40K\Entities\Effects\signal_flare.yml","TimedDespawn,Transform,Sprite,PointLight,WH40KMissionObjectiveVisual,WH40KSignalFlareTarget,Tag"
"WH40KSupplyDropAmmoCrate","frontline ammo crate","CrateGenericSteel","Resources\Prototypes\_WH40K\Entities\Structures\specific\supply_drop.yml","TimedDespawn,EntityTableContainerFill"
"WH40KVoxSupplyDropCrate","","CrateGenericSteel","Resources\Prototypes\_WH40K\Entities\Structures\specific\supply_drop.yml","TimedDespawn"
"WH40KWhistlePulseMarkerBase","","","Resources\Prototypes\_WH40K\Entities\Effects\whistle.yml","TimedDespawn,Transform,Sprite,PointLight,WH40KMissionObjectiveVisual,Tag"
"WHBlackIceCrust","black ice crust","IceCrust","Resources\Prototypes\_WH40K\Entities\Effects\weather_hazards.yml","TimedDespawn,Sprite"
"WHBulletPlasmaPistol","","BaseBulletTrigger","Resources\Prototypes\_WH40K\Entities\Objects\Weapons\Guns\Projectiles\projectiles.yml","Sprite,ExplodeOnTrigger,Explosive,TimedDespawn,PointLight"
"WHBulletPlasmaRifle","","BaseBulletTrigger","Resources\Prototypes\_WH40K\Entities\Objects\Weapons\Guns\Projectiles\projectiles.yml","Sprite,ExplodeOnTrigger,Explosive,TimedDespawn,PointLight"
"WHBulletPlasmaSentine","","BaseBulletTrigger","Resources\Prototypes\_WH40K\Entities\Objects\Weapons\Guns\Projectiles\projectiles.yml","Sprite,ExplodeOnTrigger,Explosive,TimedDespawn,PointLight"
"WhistleExclamation","exclamation","","Resources\Prototypes\Entities\Effects\exclamation.yml","Sprite,Transform,TimedDespawn,Tag"
"WhiteholeGrenade","whitehole grenade","SingularityGrenade","Resources\Prototypes\Entities\Objects\Weapons\Throwable\grenades.yml","Sprite,TimerTrigger,EmitSoundOnTrigger,AnchorOnTrigger,TwoStageTrigger,AmbientSound,GravityWell,SingularityDistortion,PointLight,EmitSoundOnTrigger,DeleteOnTrigger,StaticPrice"
"WiredDetonator","detonator cap","EmptyDetonator","Resources\Prototypes\Entities\Objects\Weapons\Bombs\detonator.yml","Explosive,ExplodeOnTrigger,Sticky"
"XenoArtifactBoom","","BaseOneTimeXenoArtifactEffect","Resources\Prototypes\XenoArch\effects.yml","XAETriggerExplosives,Explosive"
"XenoArtifactExplosionScary","","BaseOneTimeXenoArtifactEffect","Resources\Prototypes\XenoArch\effects.yml","XAETriggerExplosives,Explosive"
"XenoborgExtractor","xenoborg extractor","[BaseMachine, BaseXenoborgContraband]","Resources\Prototypes\Entities\Structures\Power\xenoborg_extractor.yml","Physics,Transform,AnchorOnlyOnStation,Sprite,Appearance,GenericVisualizer,Destructible,Explosive,NodeContainer,LightningTarget,Electrified,Battery,ExaminableBattery,PowerConsumerBatteryCharger,PowerConsumer,VoltageToggler,SpawnOnBatteryLevel"
